total_mem_mb,shared_buffers_mb,work_mem_mb,workload,query,run,elapsed_ms,blks_hit,blks_read,miss_rate_pct,source
512,128,16,tpcc,TPCC_CUST_FULLSORT,1,13374.873,379,233863,99.8382,results_large_20260504_095821
512,128,16,tpcc,TPCC_CUST_FULLSORT,2,13537.853,423,233819,99.8194,results_large_20260504_095821
512,128,16,tpcc,TPCC_CUST_FULLSORT,3,13556.1,532,233787,99.773,results_large_20260504_095821
512,128,16,tpcc,TPCC_OL_SORT,1,21947.326,619,418805,99.8524,results_large_20260504_095821
512,128,16,tpcc,TPCC_OL_SORT,2,21733.312,656,418768,99.8436,results_large_20260504_095821
512,128,16,tpcc,TPCC_OL_SORT,3,21725.95,765,418736,99.8176,results_large_20260504_095821
512,128,16,tpcc,TPCC_STOCK_SCAN,1,22237.554,302,440598,99.9315,results_large_20260504_095821
512,128,16,tpcc,TPCC_STOCK_SCAN,2,22854.386,335,440488,99.924,results_large_20260504_095821
512,128,16,tpcc,TPCC_STOCK_SCAN,3,22857.76,444,440456,99.8993,results_large_20260504_095821
512,128,16,tpcc,TPCC_WH_SUMMARY,1,21741.309,293,418907,99.9301,results_large_20260504_095821
512,128,16,tpcc,TPCC_WH_SUMMARY,2,21741.514,336,418864,99.9198,results_large_20260504_095821
512,128,16,tpcc,TPCC_WH_SUMMARY,3,21736.472,445,418832,99.8939,results_large_20260504_095821
512,128,16,tpch,Q12_JOIN,1,74090.701,24119,1426169,98.337,results_large_20260504_095821
512,128,16,tpch,Q12_JOIN,2,73946.052,23812,1426553,98.3582,results_large_20260504_095821
512,128,16,tpch,Q12_JOIN,3,73947.086,23767,1426521,98.3612,results_large_20260504_095821
512,128,16,tpch,Q13_HASHJOIN,1,19975.204,14455,282776,95.1368,results_large_20260504_095821
512,128,16,tpch,Q13_HASHJOIN,2,19669.911,14641,282667,95.0755,results_large_20260504_095821
512,128,16,tpch,Q13_HASHJOIN,3,19712.616,14634,282597,95.0766,results_large_20260504_095821
512,128,16,tpch,Q18_LARGE_VOL,1,93910.618,15246,2531606,99.4014,results_large_20260504_095821
512,128,16,tpch,Q18_LARGE_VOL,2,93791.571,15387,2531388,99.3958,results_large_20260504_095821
512,128,16,tpch,Q18_LARGE_VOL,3,93503.803,15656,2531196,99.3853,results_large_20260504_095821
512,128,16,tpch,Q1_AGG,1,57911.359,340,1124628,99.9698,results_large_20260504_095821
512,128,16,tpch,Q1_AGG,2,58304.722,458,1124510,99.9593,results_large_20260504_095821
512,128,16,tpch,Q1_AGG,3,58320.126,490,1124478,99.9564,results_large_20260504_095821
512,128,16,tpch,Q4_EXISTS,1,79169.654,660,1385374,99.9524,results_large_20260504_095821
512,128,16,tpch,Q4_EXISTS,2,78727.711,666,1385291,99.9519,results_large_20260504_095821
512,128,16,tpch,Q4_EXISTS,3,78775.171,730,1385227,99.9473,results_large_20260504_095821
512,128,16,tpch,Q6_SCAN,1,57833.698,729,1124352,99.9352,results_large_20260504_095821
512,128,16,tpch,Q6_SCAN,2,58305.902,764,1124317,99.9321,results_large_20260504_095821
512,128,16,tpch,Q6_SCAN,3,58314.798,796,1124285,99.9292,results_large_20260504_095821
768,192,24,tpcc,TPCC_CUST_FULLSORT,1,13362.634,379,233863,99.8382,results_large_20260504_095821
768,192,24,tpcc,TPCC_CUST_FULLSORT,2,13505.109,423,233819,99.8194,results_large_20260504_095821
768,192,24,tpcc,TPCC_CUST_FULLSORT,3,13507.136,532,233787,99.773,results_large_20260504_095821
768,192,24,tpcc,TPCC_OL_SORT,1,21896.977,619,418805,99.8524,results_large_20260504_095821
768,192,24,tpcc,TPCC_OL_SORT,2,21724.952,656,418768,99.8436,results_large_20260504_095821
768,192,24,tpcc,TPCC_OL_SORT,3,21722.239,765,418736,99.8176,results_large_20260504_095821
768,192,24,tpcc,TPCC_STOCK_SCAN,1,22241.088,302,440598,99.9315,results_large_20260504_095821
768,192,24,tpcc,TPCC_STOCK_SCAN,2,22841.214,335,440488,99.924,results_large_20260504_095821
768,192,24,tpcc,TPCC_STOCK_SCAN,3,22863.734,444,440456,99.8993,results_large_20260504_095821
768,192,24,tpcc,TPCC_WH_SUMMARY,1,21731.531,293,418907,99.9301,results_large_20260504_095821
768,192,24,tpcc,TPCC_WH_SUMMARY,2,21737.957,336,418864,99.9198,results_large_20260504_095821
768,192,24,tpcc,TPCC_WH_SUMMARY,3,21740.432,445,418832,99.8939,results_large_20260504_095821
768,192,24,tpch,Q12_JOIN,1,74086.954,24119,1426169,98.337,results_large_20260504_095821
768,192,24,tpch,Q12_JOIN,2,73932.712,23774,1426514,98.3607,results_large_20260504_095821
768,192,24,tpch,Q12_JOIN,3,73942.447,23767,1426521,98.3612,results_large_20260504_095821
768,192,24,tpch,Q13_HASHJOIN,1,19310.444,21568,275663,92.7437,results_large_20260504_095821
768,192,24,tpch,Q13_HASHJOIN,2,19032.858,21754,275554,92.683,results_large_20260504_095821
768,192,24,tpch,Q13_HASHJOIN,3,19061.284,21747,275484,92.6835,results_large_20260504_095821
768,192,24,tpch,Q18_LARGE_VOL,1,92896.522,22359,2524493,99.1221,results_large_20260504_095821
768,192,24,tpch,Q18_LARGE_VOL,2,92735.83,22500,2524275,99.1165,results_large_20260504_095821
768,192,24,tpch,Q18_LARGE_VOL,3,92657.63,22769,2524083,99.106,results_large_20260504_095821
768,192,24,tpch,Q1_AGG,1,57905.513,340,1124628,99.9698,results_large_20260504_095821
768,192,24,tpch,Q1_AGG,2,58313.096,458,1124510,99.9593,results_large_20260504_095821
768,192,24,tpch,Q1_AGG,3,58322.477,490,1124478,99.9564,results_large_20260504_095821
768,192,24,tpch,Q4_EXISTS,1,79949.62,660,1385374,99.9524,results_large_20260504_095821
768,192,24,tpch,Q4_EXISTS,2,79453.204,666,1385291,99.9519,results_large_20260504_095821
768,192,24,tpch,Q4_EXISTS,3,79442.455,730,1385227,99.9473,results_large_20260504_095821
768,192,24,tpch,Q6_SCAN,1,57839.845,729,1124352,99.9352,results_large_20260504_095821
768,192,24,tpch,Q6_SCAN,2,58326.328,764,1124317,99.9321,results_large_20260504_095821
768,192,24,tpch,Q6_SCAN,3,58306.106,796,1124285,99.9292,results_large_20260504_095821
1024,256,32,tpcc,TPCC_CUST_FULLSORT,1,13360.813,456,233863,99.8054,results_large_20260504_095821
1024,256,32,tpcc,TPCC_CUST_FULLSORT,2,13512.968,423,233819,99.8194,results_large_20260504_095821
1024,256,32,tpcc,TPCC_CUST_FULLSORT,3,13506.072,455,233787,99.8058,results_large_20260504_095821
1024,256,32,tpcc,TPCC_OL_SORT,1,21903.99,696,418805,99.8341,results_large_20260504_095821
1024,256,32,tpcc,TPCC_OL_SORT,2,21715.696,656,418768,99.8436,results_large_20260504_095821
1024,256,32,tpcc,TPCC_OL_SORT,3,21716.37,688,418736,99.836,results_large_20260504_095821
1024,256,32,tpcc,TPCC_STOCK_SCAN,1,22240.609,225,440598,99.949,results_large_20260504_095821
1024,256,32,tpcc,TPCC_STOCK_SCAN,2,22850.992,412,440488,99.9066,results_large_20260504_095821
1024,256,32,tpcc,TPCC_STOCK_SCAN,3,22853.193,367,440456,99.9167,results_large_20260504_095821
1024,256,32,tpcc,TPCC_WH_SUMMARY,1,21720.134,370,418907,99.9118,results_large_20260504_095821
1024,256,32,tpcc,TPCC_WH_SUMMARY,2,21760.879,336,418864,99.9198,results_large_20260504_095821
1024,256,32,tpcc,TPCC_WH_SUMMARY,3,21740.418,368,418832,99.9122,results_large_20260504_095821
1024,256,32,tpch,Q12_JOIN,1,74084.941,24119,1426169,98.337,results_large_20260504_095821
1024,256,32,tpch,Q12_JOIN,2,73947.311,23833,1426532,98.3568,results_large_20260504_095821
1024,256,32,tpch,Q12_JOIN,3,73922.852,23774,1426514,98.3607,results_large_20260504_095821
1024,256,32,tpch,Q13_HASHJOIN,1,18963.932,28703,268528,90.3432,results_large_20260504_095821
1024,256,32,tpch,Q13_HASHJOIN,2,18718.577,28818,268413,90.3045,results_large_20260504_095821
1024,256,32,tpch,Q13_HASHJOIN,3,18663.007,28953,268355,90.2616,results_large_20260504_095821
1024,256,32,tpch,Q18_LARGE_VOL,1,89711.518,29417,2517358,98.8449,results_large_20260504_095821
1024,256,32,tpch,Q18_LARGE_VOL,2,89605.572,29712,2517140,98.8334,results_large_20260504_095821
1024,256,32,tpch,Q18_LARGE_VOL,3,89524.476,29827,2516948,98.8288,results_large_20260504_095821
1024,256,32,tpch,Q1_AGG,1,57917.827,340,1124628,99.9698,results_large_20260504_095821
1024,256,32,tpch,Q1_AGG,2,58299.436,458,1124510,99.9593,results_large_20260504_095821
1024,256,32,tpch,Q1_AGG,3,58319.104,490,1124478,99.9564,results_large_20260504_095821
1024,256,32,tpch,Q4_EXISTS,1,75241.279,666,1385374,99.9519,results_large_20260504_095821
1024,256,32,tpch,Q4_EXISTS,2,74849.166,672,1385291,99.9515,results_large_20260504_095821
1024,256,32,tpch,Q4_EXISTS,3,74782.254,736,1385227,99.9469,results_large_20260504_095821
1024,256,32,tpch,Q6_SCAN,1,57832.717,729,1124352,99.9352,results_large_20260504_095821
1024,256,32,tpch,Q6_SCAN,2,58301.349,764,1124317,99.9321,results_large_20260504_095821
1024,256,32,tpch,Q6_SCAN,3,58309.932,796,1124285,99.9292,results_large_20260504_095821
1536,384,48,tpcc,TPCC_CUST_FULLSORT,1,13358.689,379,233863,99.8382,results_large_20260504_095821
1536,384,48,tpcc,TPCC_CUST_FULLSORT,2,13507.489,500,233819,99.7866,results_large_20260504_095821
1536,384,48,tpcc,TPCC_CUST_FULLSORT,3,13507.305,455,233787,99.8058,results_large_20260504_095821
1536,384,48,tpcc,TPCC_OL_SORT,1,21886.656,619,418805,99.8524,results_large_20260504_095821
1536,384,48,tpcc,TPCC_OL_SORT,2,21740.338,656,418768,99.8436,results_large_20260504_095821
1536,384,48,tpcc,TPCC_OL_SORT,3,21715.646,688,418736,99.836,results_large_20260504_095821
1536,384,48,tpcc,TPCC_STOCK_SCAN,1,22226.441,225,440598,99.949,results_large_20260504_095821
1536,384,48,tpcc,TPCC_STOCK_SCAN,2,22833.444,412,440488,99.9066,results_large_20260504_095821
1536,384,48,tpcc,TPCC_STOCK_SCAN,3,22850.157,367,440456,99.9167,results_large_20260504_095821
1536,384,48,tpcc,TPCC_WH_SUMMARY,1,21728.107,293,418907,99.9301,results_large_20260504_095821
1536,384,48,tpcc,TPCC_WH_SUMMARY,2,21743.565,413,418864,99.9015,results_large_20260504_095821
1536,384,48,tpcc,TPCC_WH_SUMMARY,3,21729.104,368,418832,99.9122,results_large_20260504_095821
1536,384,48,tpch,Q12_JOIN,1,74080.182,24119,1426169,98.337,results_large_20260504_095821
1536,384,48,tpch,Q12_JOIN,2,73930.108,110,8,6.7797,results_large_20260504_095821
1536,384,48,tpch,Q12_JOIN,3,73952.534,23774,1426514,98.3607,results_large_20260504_095821
1536,384,48,tpch,Q13_HASHJOIN,1,17878.801,42929,254302,85.557,results_large_20260504_095821
1536,384,48,tpch,Q13_HASHJOIN,2,17436.616,43044,254187,85.5183,results_large_20260504_095821
1536,384,48,tpch,Q13_HASHJOIN,3,17491.061,43179,254129,85.4767,results_large_20260504_095821
1536,384,48,tpch,Q18_LARGE_VOL,1,88526.993,43643,2503132,98.2863,results_large_20260504_095821
1536,384,48,tpch,Q18_LARGE_VOL,2,88301.098,43938,2502914,98.2748,results_large_20260504_095821
1536,384,48,tpch,Q18_LARGE_VOL,3,88317.853,44053,2502722,98.2702,results_large_20260504_095821
1536,384,48,tpch,Q1_AGG,1,57914.543,340,1124628,99.9698,results_large_20260504_095821
1536,384,48,tpch,Q1_AGG,2,58309.581,458,1124510,99.9593,results_large_20260504_095821
1536,384,48,tpch,Q1_AGG,3,58317.691,490,1124478,99.9564,results_large_20260504_095821
1536,384,48,tpch,Q4_EXISTS,1,75221.016,666,1385374,99.9519,results_large_20260504_095821
1536,384,48,tpch,Q4_EXISTS,2,74695.553,672,1385291,99.9515,results_large_20260504_095821
1536,384,48,tpch,Q4_EXISTS,3,74783.807,736,1385227,99.9469,results_large_20260504_095821
1536,384,48,tpch,Q6_SCAN,1,57826.681,729,1124352,99.9352,results_large_20260504_095821
1536,384,48,tpch,Q6_SCAN,2,58314.453,764,1124317,99.9321,results_large_20260504_095821
1536,384,48,tpch,Q6_SCAN,3,58304.631,796,1124285,99.9292,results_large_20260504_095821
2048,512,64,tpcc,TPCC_CUST_FULLSORT,1,13288.168,379,233863,99.8382,results_large_20260504_095821
2048,512,64,tpcc,TPCC_CUST_FULLSORT,2,13458.963,500,233819,99.7866,results_large_20260504_095821
2048,512,64,tpcc,TPCC_CUST_FULLSORT,3,13431.008,455,233787,99.8058,results_large_20260504_095821
2048,512,64,tpcc,TPCC_OL_SORT,1,21888.537,619,418805,99.8524,results_large_20260504_095821
2048,512,64,tpcc,TPCC_OL_SORT,2,21726.191,733,418768,99.8253,results_large_20260504_095821
2048,512,64,tpcc,TPCC_OL_SORT,3,21713.782,688,418736,99.836,results_large_20260504_095821
2048,512,64,tpcc,TPCC_STOCK_SCAN,1,22231.142,225,440598,99.949,results_large_20260504_095821
2048,512,64,tpcc,TPCC_STOCK_SCAN,2,22833.492,412,440488,99.9066,results_large_20260504_095821
2048,512,64,tpcc,TPCC_STOCK_SCAN,3,22851.41,367,440456,99.9167,results_large_20260504_095821
2048,512,64,tpcc,TPCC_WH_SUMMARY,1,21722.818,293,418907,99.9301,results_large_20260504_095821
2048,512,64,tpcc,TPCC_WH_SUMMARY,2,21723.521,413,418864,99.9015,results_large_20260504_095821
2048,512,64,tpcc,TPCC_WH_SUMMARY,3,21724.507,368,418832,99.9122,results_large_20260504_095821
2048,512,64,tpch,Q12_JOIN,1,74079.869,24119,1426169,98.337,results_large_20260504_095821
2048,512,64,tpch,Q12_JOIN,2,73916.124,23833,1426532,98.3568,results_large_20260504_095821
2048,512,64,tpch,Q12_JOIN,3,73941.761,23774,1426514,98.3607,results_large_20260504_095821
2048,512,64,tpch,Q13_HASHJOIN,1,17257.339,57166,240065,80.7671,results_large_20260504_095821
2048,512,64,tpch,Q13_HASHJOIN,2,16965.124,57281,239950,80.7285,results_large_20260504_095821
2048,512,64,tpch,Q13_HASHJOIN,3,17054.263,57416,239892,80.688,results_large_20260504_095821
2048,512,64,tpch,Q18_LARGE_VOL,1,87640.901,57880,2488895,97.7273,results_large_20260504_095821
2048,512,64,tpch,Q18_LARGE_VOL,2,87343.371,58175,2488677,97.7158,results_large_20260504_095821
2048,512,64,tpch,Q18_LARGE_VOL,3,88359.191,58290,2488485,97.7112,results_large_20260504_095821
2048,512,64,tpch,Q1_AGG,1,57916.871,340,1124628,99.9698,results_large_20260504_095821
2048,512,64,tpch,Q1_AGG,2,58304.459,458,1124510,99.9593,results_large_20260504_095821
2048,512,64,tpch,Q1_AGG,3,58317.448,490,1124478,99.9564,results_large_20260504_095821
2048,512,64,tpch,Q4_EXISTS,1,75303.625,666,1385374,99.9519,results_large_20260504_095821
2048,512,64,tpch,Q4_EXISTS,2,74903.829,672,1385291,99.9515,results_large_20260504_095821
2048,512,64,tpch,Q4_EXISTS,3,74950.257,736,1385227,99.9469,results_large_20260504_095821
2048,512,64,tpch,Q6_SCAN,1,57829.749,729,1124352,99.9352,results_large_20260504_095821
2048,512,64,tpch,Q6_SCAN,2,58301.053,764,1124317,99.9321,results_large_20260504_095821
2048,512,64,tpch,Q6_SCAN,3,58306.259,796,1124285,99.9292,results_large_20260504_095821
3072,768,96,tpcc,TPCC_CUST_FULLSORT,1,13315.408,456,233863,99.8054,results_large_20260504_095821
3072,768,96,tpcc,TPCC_CUST_FULLSORT,2,13463.971,423,233819,99.8194,results_large_20260504_095821
3072,768,96,tpcc,TPCC_CUST_FULLSORT,3,13475.491,455,233787,99.8058,results_large_20260504_095821
3072,768,96,tpcc,TPCC_OL_SORT,1,21876.461,696,418805,99.8341,results_large_20260504_095821
3072,768,96,tpcc,TPCC_OL_SORT,2,21691.648,656,418768,99.8436,results_large_20260504_095821
3072,768,96,tpcc,TPCC_OL_SORT,3,21690.794,688,418736,99.836,results_large_20260504_095821
3072,768,96,tpcc,TPCC_STOCK_SCAN,1,22234.634,225,440598,99.949,results_large_20260504_095821
3072,768,96,tpcc,TPCC_STOCK_SCAN,2,22824.159,412,440488,99.9066,results_large_20260504_095821
3072,768,96,tpcc,TPCC_STOCK_SCAN,3,22842.915,367,440456,99.9167,results_large_20260504_095821
3072,768,96,tpcc,TPCC_WH_SUMMARY,1,21698.75,370,418907,99.9118,results_large_20260504_095821
3072,768,96,tpcc,TPCC_WH_SUMMARY,2,21721.528,336,418864,99.9198,results_large_20260504_095821
3072,768,96,tpcc,TPCC_WH_SUMMARY,3,21713.369,368,418832,99.9122,results_large_20260504_095821
3072,768,96,tpch,Q12_JOIN,1,74078.724,24119,1426169,98.337,results_large_20260504_095821
3072,768,96,tpch,Q12_JOIN,2,73913.736,23859,1426506,98.355,results_large_20260504_095821
3072,768,96,tpch,Q12_JOIN,3,73912.85,23774,1426514,98.3607,results_large_20260504_095821
3072,768,96,tpch,Q13_HASHJOIN,1,14165.047,85706,211528,71.1655,results_large_20260504_095821
3072,768,96,tpch,Q13_HASHJOIN,2,13873.807,85821,211413,71.1268,results_large_20260504_095821
3072,768,96,tpch,Q13_HASHJOIN,3,13882.958,85885,211349,71.1053,results_large_20260504_095821
3072,768,96,tpch,Q18_LARGE_VOL,1,76611.613,86488,2460364,96.6041,results_large_20260504_095821
3072,768,96,tpch,Q18_LARGE_VOL,2,76531.793,86635,2460140,96.5982,results_large_20260504_095821
3072,768,96,tpch,Q18_LARGE_VOL,3,76412.801,86827,2459948,96.5907,results_large_20260504_095821
3072,768,96,tpch,Q1_AGG,1,57912.627,340,1124628,99.9698,results_large_20260504_095821
3072,768,96,tpch,Q1_AGG,2,58301.805,458,1124510,99.9593,results_large_20260504_095821
3072,768,96,tpch,Q1_AGG,3,58314.887,490,1124478,99.9564,results_large_20260504_095821
3072,768,96,tpch,Q4_EXISTS,1,75359.538,666,1385374,99.9519,results_large_20260504_095821
3072,768,96,tpch,Q4_EXISTS,2,74935.219,672,1385291,99.9515,results_large_20260504_095821
3072,768,96,tpch,Q4_EXISTS,3,74859.994,736,1385227,99.9469,results_large_20260504_095821
3072,768,96,tpch,Q6_SCAN,1,57827.861,729,1124352,99.9352,results_large_20260504_095821
3072,768,96,tpch,Q6_SCAN,2,58301.903,764,1124317,99.9321,results_large_20260504_095821
3072,768,96,tpch,Q6_SCAN,3,58289.065,796,1124285,99.9292,results_large_20260504_095821
4096,1024,128,tpcc,TPCC_CUST_FULLSORT,1,13330.199,456,233863,99.8054,results_large_20260504_095821
4096,1024,128,tpcc,TPCC_CUST_FULLSORT,2,13513.29,423,233819,99.8194,results_large_20260504_095821
4096,1024,128,tpcc,TPCC_CUST_FULLSORT,3,13508.122,455,233787,99.8058,results_large_20260504_095821
4096,1024,128,tpcc,TPCC_OL_SORT,1,21864.251,696,418805,99.8341,results_large_20260504_095821
4096,1024,128,tpcc,TPCC_OL_SORT,2,21691.669,656,418768,99.8436,results_large_20260504_095821
4096,1024,128,tpcc,TPCC_OL_SORT,3,21693.827,688,418736,99.836,results_large_20260504_095821
4096,1024,128,tpcc,TPCC_STOCK_SCAN,1,22231.999,225,440598,99.949,results_large_20260504_095821
4096,1024,128,tpcc,TPCC_STOCK_SCAN,2,22815.305,412,440488,99.9066,results_large_20260504_095821
4096,1024,128,tpcc,TPCC_STOCK_SCAN,3,22832.574,367,440456,99.9167,results_large_20260504_095821
4096,1024,128,tpcc,TPCC_WH_SUMMARY,1,21709.906,370,418907,99.9118,results_large_20260504_095821
4096,1024,128,tpcc,TPCC_WH_SUMMARY,2,21714.643,336,418864,99.9198,results_large_20260504_095821
4096,1024,128,tpcc,TPCC_WH_SUMMARY,3,21710.084,368,418832,99.9122,results_large_20260504_095821
4096,1024,128,tpch,Q12_JOIN,1,74068.603,24142,1426146,98.3354,results_large_20260504_095821
4096,1024,128,tpch,Q12_JOIN,2,73935.236,23930,1426435,98.3501,results_large_20260504_095821
4096,1024,128,tpch,Q12_JOIN,3,73930.119,23784,1426504,98.36,results_large_20260504_095821
4096,1024,128,tpch,Q13_HASHJOIN,1,13591.836,113862,183372,61.6928,results_large_20260504_095821
4096,1024,128,tpch,Q13_HASHJOIN,2,13406.148,113977,183257,61.6541,results_large_20260504_095821
4096,1024,128,tpch,Q13_HASHJOIN,3,13314.468,114041,183193,61.6326,results_large_20260504_095821
4096,1024,128,tpch,Q18_LARGE_VOL,1,75600.281,114641,2432208,95.4987,results_large_20260504_095821
4096,1024,128,tpch,Q18_LARGE_VOL,2,75706.611,114788,2431984,95.4928,results_large_20260504_095821
4096,1024,128,tpch,Q18_LARGE_VOL,3,75691.067,114980,2431792,95.4853,results_large_20260504_095821
4096,1024,128,tpch,Q1_AGG,1,57916.941,340,1124628,99.9698,results_large_20260504_095821
4096,1024,128,tpch,Q1_AGG,2,58299.407,458,1124510,99.9593,results_large_20260504_095821
4096,1024,128,tpch,Q1_AGG,3,58298.547,490,1124478,99.9564,results_large_20260504_095821
4096,1024,128,tpch,Q4_EXISTS,1,75611.897,666,1385374,99.9519,results_large_20260504_095821
4096,1024,128,tpch,Q4_EXISTS,2,75088.132,672,1385291,99.9515,results_large_20260504_095821
4096,1024,128,tpch,Q4_EXISTS,3,75069.409,736,1385227,99.9469,results_large_20260504_095821
4096,1024,128,tpch,Q6_SCAN,1,57830.474,729,1124352,99.9352,results_large_20260504_095821
4096,1024,128,tpch,Q6_SCAN,2,58298.623,764,1124317,99.9321,results_large_20260504_095821
4096,1024,128,tpch,Q6_SCAN,3,58297.461,796,1124285,99.9292,results_large_20260504_095821
6144,1536,192,tpcc,TPCC_CUST_FULLSORT,1,13271.156,379,233863,99.8382,results_large_20260504_095821
6144,1536,192,tpcc,TPCC_CUST_FULLSORT,2,13409.508,500,233819,99.7866,results_large_20260504_095821
6144,1536,192,tpcc,TPCC_CUST_FULLSORT,3,13449.578,455,233787,99.8058,results_large_20260504_095821
6144,1536,192,tpcc,TPCC_OL_SORT,1,21848.505,619,418805,99.8524,results_large_20260504_095821
6144,1536,192,tpcc,TPCC_OL_SORT,2,21695.988,656,418768,99.8436,results_large_20260504_095821
6144,1536,192,tpcc,TPCC_OL_SORT,3,21679.208,688,418736,99.836,results_large_20260504_095821
6144,1536,192,tpcc,TPCC_STOCK_SCAN,1,22224.446,225,440598,99.949,results_large_20260504_095821
6144,1536,192,tpcc,TPCC_STOCK_SCAN,2,22806.641,412,440488,99.9066,results_large_20260504_095821
6144,1536,192,tpcc,TPCC_STOCK_SCAN,3,22812.474,367,440456,99.9167,results_large_20260504_095821
6144,1536,192,tpcc,TPCC_WH_SUMMARY,1,21683.733,293,418907,99.9301,results_large_20260504_095821
6144,1536,192,tpcc,TPCC_WH_SUMMARY,2,21692.634,413,418864,99.9015,results_large_20260504_095821
6144,1536,192,tpcc,TPCC_WH_SUMMARY,3,21684.852,368,418832,99.9122,results_large_20260504_095821
6144,1536,192,tpch,Q12_JOIN,1,74058.482,24142,1426146,98.3354,results_large_20260504_095821
6144,1536,192,tpch,Q12_JOIN,2,73916.591,36463,1413902,97.4859,results_large_20260504_095821
6144,1536,192,tpch,Q12_JOIN,3,73898.184,31820,1418468,97.806,results_large_20260504_095821
6144,1536,192,tpch,Q13_HASHJOIN,1,13415.117,140684,156550,52.6689,results_large_20260504_095821
6144,1536,192,tpch,Q13_HASHJOIN,2,11863.949,176574,120660,40.5943,results_large_20260504_095821
6144,1536,192,tpch,Q13_HASHJOIN,3,11972.738,176606,120628,40.5835,results_large_20260504_095821
6144,1536,192,tpch,Q18_LARGE_VOL,1,73458.484,177189,2369660,93.0428,results_large_20260504_095821
6144,1536,192,tpch,Q18_LARGE_VOL,2,73251.757,177288,2369484,93.0387,results_large_20260504_095821
6144,1536,192,tpch,Q18_LARGE_VOL,3,73427.774,177448,2369324,93.0324,results_large_20260504_095821
6144,1536,192,tpch,Q1_AGG,1,57911.705,340,1124628,99.9698,results_large_20260504_095821
6144,1536,192,tpch,Q1_AGG,2,58295.595,458,1124510,99.9593,results_large_20260504_095821
6144,1536,192,tpch,Q1_AGG,3,58302.469,490,1124478,99.9564,results_large_20260504_095821
6144,1536,192,tpch,Q4_EXISTS,1,75310.277,666,1385374,99.9519,results_large_20260504_095821
6144,1536,192,tpch,Q4_EXISTS,2,74972.942,672,1385291,99.9515,results_large_20260504_095821
6144,1536,192,tpch,Q4_EXISTS,3,74889.604,736,1385227,99.9469,results_large_20260504_095821
6144,1536,192,tpch,Q6_SCAN,1,57832.241,729,1124352,99.9352,results_large_20260504_095821
6144,1536,192,tpch,Q6_SCAN,2,58293.03,764,1124317,99.9321,results_large_20260504_095821
6144,1536,192,tpch,Q6_SCAN,3,58303.561,796,1124285,99.9292,results_large_20260504_095821
8192,2048,256,tpcc,TPCC_CUST_FULLSORT,1,13190.386,379,233863,99.8382,results_large_20260504_095821
8192,2048,256,tpcc,TPCC_CUST_FULLSORT,2,13337.869,500,233819,99.7866,results_large_20260504_095821
8192,2048,256,tpcc,TPCC_CUST_FULLSORT,3,13350.082,455,233787,99.8058,results_large_20260504_095821
8192,2048,256,tpcc,TPCC_OL_SORT,1,21844.311,619,418805,99.8524,results_large_20260504_095821
8192,2048,256,tpcc,TPCC_OL_SORT,2,21664.829,733,418768,99.8253,results_large_20260504_095821
8192,2048,256,tpcc,TPCC_OL_SORT,3,21661.246,688,418736,99.836,results_large_20260504_095821
8192,2048,256,tpcc,TPCC_STOCK_SCAN,1,22231.418,225,440598,99.949,results_large_20260504_095821
8192,2048,256,tpcc,TPCC_STOCK_SCAN,2,22779.091,335,440488,99.924,results_large_20260504_095821
8192,2048,256,tpcc,TPCC_STOCK_SCAN,3,22790.894,444,440456,99.8993,results_large_20260504_095821
8192,2048,256,tpcc,TPCC_WH_SUMMARY,1,21670.114,293,418907,99.9301,results_large_20260504_095821
8192,2048,256,tpcc,TPCC_WH_SUMMARY,2,21676.208,413,418864,99.9015,results_large_20260504_095821
8192,2048,256,tpcc,TPCC_WH_SUMMARY,3,21679.648,368,418832,99.9122,results_large_20260504_095821
8192,2048,256,tpch,Q12_JOIN,1,74052.094,24142,1426146,98.3354,results_large_20260504_095821
8192,2048,256,tpch,Q12_JOIN,2,73890.929,43822,1406543,96.9786,results_large_20260504_095821
8192,2048,256,tpch,Q12_JOIN,3,73896.907,43647,1406641,96.9905,results_large_20260504_095821
8192,2048,256,tpch,Q13_HASHJOIN,1,12390.242,196642,100592,33.8427,results_large_20260504_095821
8192,2048,256,tpch,Q13_HASHJOIN,2,11203.883,232519,64715,21.7724,results_large_20260504_095821
8192,2048,256,tpch,Q13_HASHJOIN,3,11191.494,232551,64683,21.7616,results_large_20260504_095821
8192,2048,256,tpch,Q18_LARGE_VOL,1,70459.714,233147,2313702,90.8457,results_large_20260504_095821
8192,2048,256,tpch,Q18_LARGE_VOL,2,70497.352,233233,2313539,90.842,results_large_20260504_095821
8192,2048,256,tpch,Q18_LARGE_VOL,3,70448.613,233393,2313379,90.8357,results_large_20260504_095821
8192,2048,256,tpch,Q1_AGG,1,58014.904,340,1124628,99.9698,results_large_20260504_095821
8192,2048,256,tpch,Q1_AGG,2,58280.488,458,1124510,99.9593,results_large_20260504_095821
8192,2048,256,tpch,Q1_AGG,3,58316.479,490,1124478,99.9564,results_large_20260504_095821
8192,2048,256,tpch,Q4_EXISTS,1,75546.959,666,1385374,99.9519,results_large_20260504_095821
8192,2048,256,tpch,Q4_EXISTS,2,75138.921,672,1385291,99.9515,results_large_20260504_095821
8192,2048,256,tpch,Q4_EXISTS,3,75131.898,736,1385227,99.9469,results_large_20260504_095821
8192,2048,256,tpch,Q6_SCAN,1,57834.484,729,1124352,99.9352,results_large_20260504_095821
8192,2048,256,tpch,Q6_SCAN,2,58301.425,764,1124317,99.9321,results_large_20260504_095821
8192,2048,256,tpch,Q6_SCAN,3,58300.067,796,1124285,99.9292,results_large_20260504_095821
12288,3072,384,tpcc,TPCC_CUST_FULLSORT,1,13016.683,457,233862,99.805,results_large_20260504_095821
12288,3072,384,tpcc,TPCC_CUST_FULLSORT,2,13173.669,423,233819,99.8194,results_large_20260504_095821
12288,3072,384,tpcc,TPCC_CUST_FULLSORT,3,13179.73,455,233787,99.8058,results_large_20260504_095821
12288,3072,384,tpcc,TPCC_OL_SORT,1,21811.302,696,418805,99.8341,results_large_20260504_095821
12288,3072,384,tpcc,TPCC_OL_SORT,2,21666.362,656,418768,99.8436,results_large_20260504_095821
12288,3072,384,tpcc,TPCC_OL_SORT,3,21637.378,688,418736,99.836,results_large_20260504_095821
12288,3072,384,tpcc,TPCC_STOCK_SCAN,1,22232.002,232,440591,99.9474,results_large_20260504_095821
12288,3072,384,tpcc,TPCC_STOCK_SCAN,2,22762.146,412,440488,99.9066,results_large_20260504_095821
12288,3072,384,tpcc,TPCC_STOCK_SCAN,3,22788.979,367,440456,99.9167,results_large_20260504_095821
12288,3072,384,tpcc,TPCC_WH_SUMMARY,1,21653.495,371,418906,99.9115,results_large_20260504_095821
12288,3072,384,tpcc,TPCC_WH_SUMMARY,2,21657.821,336,418864,99.9198,results_large_20260504_095821
12288,3072,384,tpcc,TPCC_WH_SUMMARY,3,21664.005,368,418832,99.9122,results_large_20260504_095821
12288,3072,384,tpch,Q12_JOIN,1,74060.534,24238,1426050,98.3287,results_large_20260504_095821
12288,3072,384,tpch,Q12_JOIN,2,59700.498,326067,1124221,77.5171,results_large_20260504_095821
12288,3072,384,tpch,Q12_JOIN,3,59462.376,326099,1124189,77.5149,results_large_20260504_095821
12288,3072,384,tpch,Q13_HASHJOIN,1,11064.366,261394,35840,12.0578,results_large_20260504_095821
12288,3072,384,tpch,Q13_HASHJOIN,2,10562.225,297311,0,0.0,results_large_20260504_095821
12288,3072,384,tpch,Q13_HASHJOIN,3,10572.426,297234,0,0.0,results_large_20260504_095821
12288,3072,384,tpch,Q18_LARGE_VOL,1,68298.747,298490,2248282,88.2797,results_large_20260504_095821
12288,3072,384,tpch,Q18_LARGE_VOL,2,68411.464,298618,2248154,88.2746,results_large_20260504_095821
12288,3072,384,tpch,Q18_LARGE_VOL,3,68416.528,298746,2248026,88.2696,results_large_20260504_095821
12288,3072,384,tpch,Q1_AGG,1,57912.496,340,1124628,99.9698,results_large_20260504_095821
12288,3072,384,tpch,Q1_AGG,2,58279.515,458,1124510,99.9593,results_large_20260504_095821
12288,3072,384,tpch,Q1_AGG,3,58296.256,490,1124478,99.9564,results_large_20260504_095821
12288,3072,384,tpch,Q4_EXISTS,1,75210.045,666,1385374,99.9519,results_large_20260504_095821
12288,3072,384,tpch,Q4_EXISTS,2,74859.894,672,1385291,99.9515,results_large_20260504_095821
12288,3072,384,tpch,Q4_EXISTS,3,74854.38,736,1385227,99.9469,results_large_20260504_095821
12288,3072,384,tpch,Q6_SCAN,1,57828.487,729,1124352,99.9352,results_large_20260504_095821
12288,3072,384,tpch,Q6_SCAN,2,58285.453,764,1124317,99.9321,results_large_20260504_095821
12288,3072,384,tpch,Q6_SCAN,3,58280.383,796,1124285,99.9292,results_large_20260504_095821
16384,4096,512,tpcc,TPCC_CUST_FULLSORT,1,13029.762,457,233862,99.805,results_large_20260504_095821
16384,4096,512,tpcc,TPCC_CUST_FULLSORT,2,13205.585,423,233819,99.8194,results_large_20260504_095821
16384,4096,512,tpcc,TPCC_CUST_FULLSORT,3,13179.346,455,233787,99.8058,results_large_20260504_095821
16384,4096,512,tpcc,TPCC_OL_SORT,1,21820.985,696,418805,99.8341,results_large_20260504_095821
16384,4096,512,tpcc,TPCC_OL_SORT,2,21645.488,656,418768,99.8436,results_large_20260504_095821
16384,4096,512,tpcc,TPCC_OL_SORT,3,21655.121,688,418736,99.836,results_large_20260504_095821
16384,4096,512,tpcc,TPCC_STOCK_SCAN,1,22231.192,232,440591,99.9474,results_large_20260504_095821
16384,4096,512,tpcc,TPCC_STOCK_SCAN,2,23423.633,412,440488,99.9066,results_large_20260504_095821
16384,4096,512,tpcc,TPCC_STOCK_SCAN,3,22795.26,367,440456,99.9167,results_large_20260504_095821
16384,4096,512,tpcc,TPCC_WH_SUMMARY,1,21674.76,371,418906,99.9115,results_large_20260504_095821
16384,4096,512,tpcc,TPCC_WH_SUMMARY,2,21669.024,336,418864,99.9198,results_large_20260504_095821
16384,4096,512,tpcc,TPCC_WH_SUMMARY,3,21655.202,368,418832,99.9122,results_large_20260504_095821
16384,4096,512,tpch,Q12_JOIN,1,74058.791,24238,1426050,98.3287,results_large_20260504_095821
16384,4096,512,tpch,Q12_JOIN,2,59684.108,326067,1124221,77.5171,results_large_20260504_095821
16384,4096,512,tpch,Q12_JOIN,3,59472.532,326099,1124189,77.5149,results_large_20260504_095821
16384,4096,512,tpch,Q13_HASHJOIN,1,11046.94,261394,35840,12.0578,results_large_20260504_095821
16384,4096,512,tpch,Q13_HASHJOIN,2,10511.656,297311,0,0.0,results_large_20260504_095821
16384,4096,512,tpch,Q13_HASHJOIN,3,10452.158,297234,0,0.0,results_large_20260504_095821
16384,4096,512,tpch,Q18_LARGE_VOL,1,68324.32,298490,2248282,88.2797,results_large_20260504_095821
16384,4096,512,tpch,Q18_LARGE_VOL,2,68870.661,298618,2248154,88.2746,results_large_20260504_095821
16384,4096,512,tpch,Q18_LARGE_VOL,3,68474.929,298746,2248026,88.2696,results_large_20260504_095821
16384,4096,512,tpch,Q1_AGG,1,57915.134,340,1124628,99.9698,results_large_20260504_095821
16384,4096,512,tpch,Q1_AGG,2,58286.549,458,1124510,99.9593,results_large_20260504_095821
16384,4096,512,tpch,Q1_AGG,3,58280.309,490,1124478,99.9564,results_large_20260504_095821
16384,4096,512,tpch,Q4_EXISTS,1,75325.067,666,1385374,99.9519,results_large_20260504_095821
16384,4096,512,tpch,Q4_EXISTS,2,74885.848,672,1385291,99.9515,results_large_20260504_095821
16384,4096,512,tpch,Q4_EXISTS,3,74818.539,736,1385227,99.9469,results_large_20260504_095821
16384,4096,512,tpch,Q6_SCAN,1,57825.117,729,1124352,99.9352,results_large_20260504_095821
16384,4096,512,tpch,Q6_SCAN,2,58299.655,764,1124317,99.9321,results_large_20260504_095821
16384,4096,512,tpch,Q6_SCAN,3,58299.859,796,1124285,99.9292,results_large_20260504_095821
