stage,query_ids,sb_mb,work_mem_mb,plan_supported,missing_plan_anchors,plan_anchors,prediction_sources,prediction_confidence,dynamic_peak_mb,spill_temp_mb,spill_io_mb,spill_io_mib_s,spilling_operators,infeasible_no_spill_operators,raw_os_capacity_mb,os_capacity_mb,predicted_memavailable_mb,memory_safe,tp_accesses,tp_sb_hits,tp_os_hits,tp_disk_misses,tp_sb_hit_rate,tp_os_cond_hit_rate,tp_combined_hit_rate,tp_refaults,tp_active_refaults,os_evictions,os_streaming_evictions,synthetic_spill_pages,tp_disk_io_mb,predicted_physical_io_mb,memory_footprint_mb,dynamic_pool_safe,available_dynamic_pool_mb,dynamic_pool_excess_mb
stage1_memory_rich,1,128,1,True,,q1:q1_p1@256,q1:same_plan_trace,0.95,2.0,0.0,0.0,0.0,0,0,27877.0,27877.0,23508.142,True,1344422,1329346,13515,1561,0.98878626,0.89645795,0.99883891,0,0,125727,125727,0,780.5,780.5,130.0,True,15291.0,0.0
stage1_memory_rich,1,256,1,True,,q1:q1_p1@256,q1:same_plan_trace,0.95,2.0,0.0,0.0,0.0,0,0,27749.0,27749.0,23470.741,True,1344422,1338336,4525,1561,0.99547315,0.74350969,0.99883891,0,0,125919,125919,0,780.5,780.5,258.0,True,15291.0,0.0
stage1_memory_rich,1,512,1,True,,q1:q1_p1@256,q1:same_plan_trace,0.95,2.0,0.0,0.0,0.0,0,0,27493.0,27493.0,23395.938,True,1344422,1341724,1137,1561,0.99799319,0.42142328,0.99883891,0,0,126303,126303,0,780.5,780.5,514.0,True,15291.0,0.0
stage1_memory_rich,1,1024,1,True,,q1:q1_p1@256,q1:same_plan_trace,0.95,2.0,0.0,0.0,0.0,0,0,26981.0,26981.0,23246.331,True,1344422,1342861,0,1561,0.99883891,0.0,0.99883891,0,0,127071,127071,0,780.5,780.5,1026.0,True,15291.0,0.0
stage1_memory_rich,1,1504,1,True,,q1:q1_p1@256,q1:same_plan_trace,0.95,2.0,0.0,0.0,0.0,0,0,26501.0,26501.0,23106.075,True,1344422,1342861,0,1561,0.99883891,0.0,0.99883891,0,0,127791,127791,0,780.5,780.5,1506.0,True,15291.0,0.0
stage1_memory_rich,1,2048,1,True,,q1:q1_p1@256,q1:same_plan_trace,0.95,2.0,0.0,0.0,0.0,0,0,25957.0,25957.0,22947.118,True,1344422,1342861,0,1561,0.99883891,0.0,0.99883891,0,0,128607,128607,0,780.5,780.5,2050.0,True,15291.0,0.0
stage1_memory_rich,1,4096,1,True,,q1:q1_p1@256,q1:same_plan_trace,0.95,2.0,0.0,0.0,0.0,0,0,23909.0,23909.0,22348.693,True,1344422,1342861,0,1561,0.99883891,0.0,0.99883891,0,0,131679,131679,0,780.5,780.5,4098.0,True,15291.0,0.0
stage1_memory_rich,1,8192,1,True,,q1:q1_p1@256,q1:same_plan_trace,0.95,2.0,0.0,0.0,0.0,0,0,19813.0,19813.0,21151.842,True,1344422,1342861,0,1561,0.99883891,0.0,0.99883891,0,0,137823,137823,0,780.5,780.5,8194.0,True,15291.0,0.0
stage1_memory_rich,1,128,32,True,,q1:q1_p1@256,q1:same_plan_trace,0.95,2.0,0.0,0.0,0.0,0,0,27877.0,27877.0,23508.142,True,1344422,1329346,13515,1561,0.98878626,0.89645795,0.99883891,0,0,125727,125727,0,780.5,780.5,130.0,True,15291.0,0.0
stage1_memory_rich,1,256,32,True,,q1:q1_p1@256,q1:same_plan_trace,0.95,2.0,0.0,0.0,0.0,0,0,27749.0,27749.0,23470.741,True,1344422,1338336,4525,1561,0.99547315,0.74350969,0.99883891,0,0,125919,125919,0,780.5,780.5,258.0,True,15291.0,0.0
stage1_memory_rich,1,512,32,True,,q1:q1_p1@256,q1:same_plan_trace,0.95,2.0,0.0,0.0,0.0,0,0,27493.0,27493.0,23395.938,True,1344422,1341724,1137,1561,0.99799319,0.42142328,0.99883891,0,0,126303,126303,0,780.5,780.5,514.0,True,15291.0,0.0
stage1_memory_rich,1,1024,32,True,,q1:q1_p1@256,q1:same_plan_trace,0.95,2.0,0.0,0.0,0.0,0,0,26981.0,26981.0,23246.331,True,1344422,1342861,0,1561,0.99883891,0.0,0.99883891,0,0,127071,127071,0,780.5,780.5,1026.0,True,15291.0,0.0
stage1_memory_rich,1,1504,32,True,,q1:q1_p1@256,q1:same_plan_trace,0.95,2.0,0.0,0.0,0.0,0,0,26501.0,26501.0,23106.075,True,1344422,1342861,0,1561,0.99883891,0.0,0.99883891,0,0,127791,127791,0,780.5,780.5,1506.0,True,15291.0,0.0
stage1_memory_rich,1,2048,32,True,,q1:q1_p1@256,q1:same_plan_trace,0.95,2.0,0.0,0.0,0.0,0,0,25957.0,25957.0,22947.118,True,1344422,1342861,0,1561,0.99883891,0.0,0.99883891,0,0,128607,128607,0,780.5,780.5,2050.0,True,15291.0,0.0
stage1_memory_rich,1,4096,32,True,,q1:q1_p1@256,q1:same_plan_trace,0.95,2.0,0.0,0.0,0.0,0,0,23909.0,23909.0,22348.693,True,1344422,1342861,0,1561,0.99883891,0.0,0.99883891,0,0,131679,131679,0,780.5,780.5,4098.0,True,15291.0,0.0
stage1_memory_rich,1,8192,32,True,,q1:q1_p1@256,q1:same_plan_trace,0.95,2.0,0.0,0.0,0.0,0,0,19813.0,19813.0,21151.842,True,1344422,1342861,0,1561,0.99883891,0.0,0.99883891,0,0,137823,137823,0,780.5,780.5,8194.0,True,15291.0,0.0
stage1_memory_rich,1,128,64,True,,q1:q1_p1@256,q1:same_plan_trace,0.95,2.0,0.0,0.0,0.0,0,0,27877.0,27877.0,23508.142,True,1344422,1329346,13515,1561,0.98878626,0.89645795,0.99883891,0,0,125727,125727,0,780.5,780.5,130.0,True,15291.0,0.0
stage1_memory_rich,1,256,64,True,,q1:q1_p1@256,q1:same_plan_trace,0.95,2.0,0.0,0.0,0.0,0,0,27749.0,27749.0,23470.741,True,1344422,1338336,4525,1561,0.99547315,0.74350969,0.99883891,0,0,125919,125919,0,780.5,780.5,258.0,True,15291.0,0.0
stage1_memory_rich,1,512,64,True,,q1:q1_p1@256,q1:same_plan_trace,0.95,2.0,0.0,0.0,0.0,0,0,27493.0,27493.0,23395.938,True,1344422,1341724,1137,1561,0.99799319,0.42142328,0.99883891,0,0,126303,126303,0,780.5,780.5,514.0,True,15291.0,0.0
stage1_memory_rich,1,1024,64,True,,q1:q1_p1@256,q1:same_plan_trace,0.95,2.0,0.0,0.0,0.0,0,0,26981.0,26981.0,23246.331,True,1344422,1342861,0,1561,0.99883891,0.0,0.99883891,0,0,127071,127071,0,780.5,780.5,1026.0,True,15291.0,0.0
stage1_memory_rich,1,1504,64,True,,q1:q1_p1@256,q1:same_plan_trace,0.95,2.0,0.0,0.0,0.0,0,0,26501.0,26501.0,23106.075,True,1344422,1342861,0,1561,0.99883891,0.0,0.99883891,0,0,127791,127791,0,780.5,780.5,1506.0,True,15291.0,0.0
stage1_memory_rich,1,2048,64,True,,q1:q1_p1@256,q1:same_plan_trace,0.95,2.0,0.0,0.0,0.0,0,0,25957.0,25957.0,22947.118,True,1344422,1342861,0,1561,0.99883891,0.0,0.99883891,0,0,128607,128607,0,780.5,780.5,2050.0,True,15291.0,0.0
stage1_memory_rich,1,4096,64,True,,q1:q1_p1@256,q1:same_plan_trace,0.95,2.0,0.0,0.0,0.0,0,0,23909.0,23909.0,22348.693,True,1344422,1342861,0,1561,0.99883891,0.0,0.99883891,0,0,131679,131679,0,780.5,780.5,4098.0,True,15291.0,0.0
stage1_memory_rich,1,8192,64,True,,q1:q1_p1@256,q1:same_plan_trace,0.95,2.0,0.0,0.0,0.0,0,0,19813.0,19813.0,21151.842,True,1344422,1342861,0,1561,0.99883891,0.0,0.99883891,0,0,137823,137823,0,780.5,780.5,8194.0,True,15291.0,0.0
stage2_reach_limit,3,128,256,True,,q3:q3_p1@256,q3:same_plan_trace,0.95,506.0,496.045,17937.323,23.777208,1,0,27461.0,27782.055,23297.45,True,389156,382096,6454,606,0.98185818,0.91416431,0.99844278,0,0,208550,208550,992,303.0,18240.323,634.0,True,15291.0,0.0
stage2_reach_limit,3,256,256,True,,q3:q3_p1@256,q3:same_plan_trace,0.95,506.0,496.045,17937.323,23.777208,1,0,27333.0,27654.055,23260.049,True,389156,385749,2801,606,0.99124516,0.82213091,0.99844278,0,0,208550,208550,992,303.0,18240.323,762.0,True,15291.0,0.0
stage2_reach_limit,3,512,256,True,,q3:q3_p1@256,q3:same_plan_trace,0.95,506.0,496.045,17937.323,23.777208,1,0,27077.0,27398.055,23185.245,True,389156,387418,1132,606,0.99553392,0.65132336,0.99844278,0,0,208614,208614,992,303.0,18240.323,1018.0,True,15291.0,0.0
stage2_reach_limit,3,1024,256,True,,q3:q3_p1@256,q3:same_plan_trace,0.95,506.0,496.045,17937.323,23.777208,1,0,26565.0,26886.055,23035.639,True,389156,388311,239,606,0.99782863,0.28284024,0.99844278,0,0,208582,208582,992,303.0,18240.323,1530.0,True,15291.0,0.0
stage2_reach_limit,3,1504,256,True,,q3:q3_p1@256,q3:same_plan_trace,0.95,506.0,496.045,17937.323,23.777208,1,0,26085.0,26406.055,22895.383,True,389156,388550,0,606,0.99844278,0.0,0.99844278,0,0,208582,208582,992,303.0,18240.323,2010.0,True,15291.0,0.0
stage2_reach_limit,3,2048,256,True,,q3:q3_p1@256,q3:same_plan_trace,0.95,506.0,496.045,17937.323,23.777208,1,0,25541.0,25862.055,22736.426,True,389156,388550,0,606,0.99844278,0.0,0.99844278,0,0,208582,208582,992,303.0,18240.323,2554.0,True,15291.0,0.0
stage2_reach_limit,3,4096,256,True,,q3:q3_p1@256,q3:same_plan_trace,0.95,506.0,496.045,17937.323,23.777208,1,0,23493.0,23814.055,22138.001,True,389156,388550,0,606,0.99844278,0.0,0.99844278,0,0,208582,208582,992,303.0,18240.323,4602.0,True,15291.0,0.0
stage2_reach_limit,3,8192,256,True,,q3:q3_p1@256,q3:same_plan_trace,0.95,506.0,496.045,17937.323,23.777208,1,0,19397.0,19718.055,20941.149,True,389156,388550,0,606,0.99844278,0.0,0.99844278,0,0,208582,208582,992,303.0,18240.323,8698.0,True,15291.0,0.0
stage2_reach_limit,3,128,512,True,,q3:q3_p1@256,q3:same_plan_trace,0.95,762.0,425.181,10249.899,13.586976,1,0,27461.0,27675.036,23190.432,True,389156,382096,6454,606,0.98185818,0.91416431,0.99844278,0,0,208408,208408,850,303.0,10552.899,890.0,True,15291.0,0.0
stage2_reach_limit,3,256,512,True,,q3:q3_p1@256,q3:same_plan_trace,0.95,762.0,425.181,10249.899,13.586976,1,0,27333.0,27547.036,23153.03,True,389156,385749,2801,606,0.99124516,0.82213091,0.99844278,0,0,208408,208408,850,303.0,10552.899,1018.0,True,15291.0,0.0
stage2_reach_limit,3,512,512,True,,q3:q3_p1@256,q3:same_plan_trace,0.95,762.0,425.181,10249.899,13.586976,1,0,27077.0,27291.036,23078.227,True,389156,387418,1132,606,0.99553392,0.65132336,0.99844278,0,0,208472,208472,850,303.0,10552.899,1274.0,True,15291.0,0.0
stage2_reach_limit,3,1024,512,True,,q3:q3_p1@256,q3:same_plan_trace,0.95,762.0,425.181,10249.899,13.586976,1,0,26565.0,26779.036,22928.621,True,389156,388311,239,606,0.99782863,0.28284024,0.99844278,0,0,208440,208440,850,303.0,10552.899,1786.0,True,15291.0,0.0
stage2_reach_limit,3,1504,512,True,,q3:q3_p1@256,q3:same_plan_trace,0.95,762.0,425.181,10249.899,13.586976,1,0,26085.0,26299.036,22788.365,True,389156,388550,0,606,0.99844278,0.0,0.99844278,0,0,208440,208440,850,303.0,10552.899,2266.0,True,15291.0,0.0
stage2_reach_limit,3,2048,512,True,,q3:q3_p1@256,q3:same_plan_trace,0.95,762.0,425.181,10249.899,13.586976,1,0,25541.0,25755.036,22629.408,True,389156,388550,0,606,0.99844278,0.0,0.99844278,0,0,208440,208440,850,303.0,10552.899,2810.0,True,15291.0,0.0
stage2_reach_limit,3,4096,512,True,,q3:q3_p1@256,q3:same_plan_trace,0.95,762.0,425.181,10249.899,13.586976,1,0,23493.0,23707.036,22030.982,True,389156,388550,0,606,0.99844278,0.0,0.99844278,0,0,208440,208440,850,303.0,10552.899,4858.0,True,15291.0,0.0
stage2_reach_limit,3,8192,512,True,,q3:q3_p1@256,q3:same_plan_trace,0.95,762.0,425.181,10249.899,13.586976,1,0,19397.0,19611.036,20834.131,True,389156,388550,0,606,0.99844278,0.0,0.99844278,0,0,208440,208440,850,303.0,10552.899,8954.0,True,15291.0,0.0
stage2_reach_limit,3,128,1024,True,,q3:q3_p1@256,q3:same_plan_trace,0.95,1274.0,283.454,3416.633,4.528992,1,0,27461.0,27461.0,22976.395,True,389156,382096,6454,606,0.98185818,0.91416431,0.99844278,0,0,208124,208124,566,303.0,3719.633,1402.0,True,15291.0,0.0
stage2_reach_limit,3,256,1024,True,,q3:q3_p1@256,q3:same_plan_trace,0.95,1274.0,283.454,3416.633,4.528992,1,0,27333.0,27333.0,22938.994,True,389156,385749,2801,606,0.99124516,0.82213091,0.99844278,0,0,208124,208124,566,303.0,3719.633,1530.0,True,15291.0,0.0
stage2_reach_limit,3,512,1024,True,,q3:q3_p1@256,q3:same_plan_trace,0.95,1274.0,283.454,3416.633,4.528992,1,0,27077.0,27077.0,22864.191,True,389156,387418,1132,606,0.99553392,0.65132336,0.99844278,0,0,208188,208188,566,303.0,3719.633,1786.0,True,15291.0,0.0
stage2_reach_limit,3,1024,1024,True,,q3:q3_p1@256,q3:same_plan_trace,0.95,1274.0,283.454,3416.633,4.528992,1,0,26565.0,26565.0,22714.584,True,389156,388311,239,606,0.99782863,0.28284024,0.99844278,0,0,208156,208156,566,303.0,3719.633,2298.0,True,15291.0,0.0
stage2_reach_limit,3,1504,1024,True,,q3:q3_p1@256,q3:same_plan_trace,0.95,1274.0,283.454,3416.633,4.528992,1,0,26085.0,26085.0,22574.328,True,389156,388550,0,606,0.99844278,0.0,0.99844278,0,0,208156,208156,566,303.0,3719.633,2778.0,True,15291.0,0.0
stage2_reach_limit,3,2048,1024,True,,q3:q3_p1@256,q3:same_plan_trace,0.95,1274.0,283.454,3416.633,4.528992,1,0,25541.0,25541.0,22415.371,True,389156,388550,0,606,0.99844278,0.0,0.99844278,0,0,208156,208156,566,303.0,3719.633,3322.0,True,15291.0,0.0
stage2_reach_limit,3,4096,1024,True,,q3:q3_p1@256,q3:same_plan_trace,0.95,1274.0,283.454,3416.633,4.528992,1,0,23493.0,23493.0,21816.946,True,389156,388550,0,606,0.99844278,0.0,0.99844278,0,0,208156,208156,566,303.0,3719.633,5370.0,True,15291.0,0.0
stage2_reach_limit,3,8192,1024,True,,q3:q3_p1@256,q3:same_plan_trace,0.95,1274.0,283.454,3416.633,4.528992,1,0,19397.0,19397.0,20620.095,True,389156,388550,0,606,0.99844278,0.0,0.99844278,0,0,208156,208156,566,303.0,3719.633,9466.0,True,15291.0,0.0
stage2_reach_limit,3,128,1150,True,,q3:q3_p1@256,q3:same_plan_trace,0.95,1400.0,0.0,0.0,0.0,0,0,27461.0,27408.327,22923.722,True,389156,382096,6454,606,0.98185818,0.91416431,0.99844278,0,0,207558,207558,0,303.0,303.0,1528.0,True,15291.0,0.0
stage2_reach_limit,3,256,1150,True,,q3:q3_p1@256,q3:same_plan_trace,0.95,1400.0,0.0,0.0,0.0,0,0,27333.0,27280.327,22886.321,True,389156,385749,2801,606,0.99124516,0.82213091,0.99844278,0,0,207558,207558,0,303.0,303.0,1656.0,True,15291.0,0.0
stage2_reach_limit,3,512,1150,True,,q3:q3_p1@256,q3:same_plan_trace,0.95,1400.0,0.0,0.0,0.0,0,0,27077.0,27024.327,22811.518,True,389156,387418,1132,606,0.99553392,0.65132336,0.99844278,0,0,207622,207622,0,303.0,303.0,1912.0,True,15291.0,0.0
stage2_reach_limit,3,1024,1150,True,,q3:q3_p1@256,q3:same_plan_trace,0.95,1400.0,0.0,0.0,0.0,0,0,26565.0,26512.327,22661.911,True,389156,388311,239,606,0.99782863,0.28284024,0.99844278,0,0,207590,207590,0,303.0,303.0,2424.0,True,15291.0,0.0
stage2_reach_limit,3,1504,1150,True,,q3:q3_p1@256,q3:same_plan_trace,0.95,1400.0,0.0,0.0,0.0,0,0,26085.0,26032.327,22521.655,True,389156,388550,0,606,0.99844278,0.0,0.99844278,0,0,207590,207590,0,303.0,303.0,2904.0,True,15291.0,0.0
stage2_reach_limit,3,2048,1150,True,,q3:q3_p1@256,q3:same_plan_trace,0.95,1400.0,0.0,0.0,0.0,0,0,25541.0,25488.327,22362.698,True,389156,388550,0,606,0.99844278,0.0,0.99844278,0,0,207590,207590,0,303.0,303.0,3448.0,True,15291.0,0.0
stage2_reach_limit,3,4096,1150,True,,q3:q3_p1@256,q3:same_plan_trace,0.95,1400.0,0.0,0.0,0.0,0,0,23493.0,23440.327,21764.273,True,389156,388550,0,606,0.99844278,0.0,0.99844278,0,0,207590,207590,0,303.0,303.0,5496.0,True,15291.0,0.0
stage2_reach_limit,3,8192,1150,True,,q3:q3_p1@256,q3:same_plan_trace,0.95,1400.0,0.0,0.0,0.0,0,0,19397.0,19344.327,20567.422,True,389156,388550,0,606,0.99844278,0.0,0.99844278,0,0,207590,207590,0,303.0,303.0,9592.0,True,15291.0,0.0
stage2_reach_limit,3,128,1208,True,,q3:q3_p1@256,q3:same_plan_trace,0.95,1458.0,0.0,0.0,0.0,0,0,27461.0,27384.081,22899.476,True,389156,382096,6454,606,0.98185818,0.91416431,0.99844278,0,0,207558,207558,0,303.0,303.0,1586.0,True,15291.0,0.0
stage2_reach_limit,3,256,1208,True,,q3:q3_p1@256,q3:same_plan_trace,0.95,1458.0,0.0,0.0,0.0,0,0,27333.0,27256.081,22862.074,True,389156,385749,2801,606,0.99124516,0.82213091,0.99844278,0,0,207558,207558,0,303.0,303.0,1714.0,True,15291.0,0.0
stage2_reach_limit,3,512,1208,True,,q3:q3_p1@256,q3:same_plan_trace,0.95,1458.0,0.0,0.0,0.0,0,0,27077.0,27000.081,22787.271,True,389156,387418,1132,606,0.99553392,0.65132336,0.99844278,0,0,207622,207622,0,303.0,303.0,1970.0,True,15291.0,0.0
stage2_reach_limit,3,1024,1208,True,,q3:q3_p1@256,q3:same_plan_trace,0.95,1458.0,0.0,0.0,0.0,0,0,26565.0,26488.081,22637.665,True,389156,388311,239,606,0.99782863,0.28284024,0.99844278,0,0,207590,207590,0,303.0,303.0,2482.0,True,15291.0,0.0
stage2_reach_limit,3,1504,1208,True,,q3:q3_p1@256,q3:same_plan_trace,0.95,1458.0,0.0,0.0,0.0,0,0,26085.0,26008.081,22497.409,True,389156,388550,0,606,0.99844278,0.0,0.99844278,0,0,207590,207590,0,303.0,303.0,2962.0,True,15291.0,0.0
stage2_reach_limit,3,2048,1208,True,,q3:q3_p1@256,q3:same_plan_trace,0.95,1458.0,0.0,0.0,0.0,0,0,25541.0,25464.081,22338.452,True,389156,388550,0,606,0.99844278,0.0,0.99844278,0,0,207590,207590,0,303.0,303.0,3506.0,True,15291.0,0.0
stage2_reach_limit,3,4096,1208,True,,q3:q3_p1@256,q3:same_plan_trace,0.95,1458.0,0.0,0.0,0.0,0,0,23493.0,23416.081,21740.026,True,389156,388550,0,606,0.99844278,0.0,0.99844278,0,0,207590,207590,0,303.0,303.0,5554.0,True,15291.0,0.0
stage2_reach_limit,3,8192,1208,True,,q3:q3_p1@256,q3:same_plan_trace,0.95,1458.0,0.0,0.0,0.0,0,0,19397.0,19320.081,20543.175,True,389156,388550,0,606,0.99844278,0.0,0.99844278,0,0,207590,207590,0,303.0,303.0,9650.0,True,15291.0,0.0
stage3_protect_tp,5;7,128,256,True,,q5:q5_p1@256;q7:q7_p1@256,q5:same_plan_trace;q7:same_plan_trace,0.95,938.0,1701.247,27548.882,33.31327,3,0,27328.0,28138.58,23116.857,True,374143,365650,7503,990,0.97730012,0.88343342,0.99735395,0,0,211403,211403,3402,495.0,28043.882,1066.0,True,15291.0,0.0
stage3_protect_tp,5;7,256,256,True,,q5:q5_p1@256;q7:q7_p1@256,q5:same_plan_trace;q7:same_plan_trace,0.95,938.0,1701.247,27548.882,33.31327,3,0,27200.0,28010.58,23079.455,True,374143,369142,4011,990,0.98663345,0.80203959,0.99735395,0,0,211403,211403,3402,495.0,28043.882,1194.0,True,15291.0,0.0
stage3_protect_tp,5;7,512,256,True,,q5:q5_p1@256;q7:q7_p1@256,q5:same_plan_trace;q7:same_plan_trace,0.95,938.0,1701.247,27548.882,33.31327,3,0,26944.0,27754.58,23004.652,True,374143,370992,2161,990,0.99157809,0.68581403,0.99735395,0,0,211368,211368,3402,495.0,28043.882,1450.0,True,15291.0,0.0
stage3_protect_tp,5;7,1024,256,True,,q5:q5_p1@256;q7:q7_p1@256,q5:same_plan_trace;q7:same_plan_trace,0.95,938.0,1701.247,27548.882,33.31327,3,0,26432.0,27242.58,22855.046,True,374143,372302,851,990,0.99507942,0.46224878,0.99735395,0,0,211531,211531,3402,495.0,28043.882,1962.0,True,15291.0,0.0
stage3_protect_tp,5;7,1504,256,True,,q5:q5_p1@256;q7:q7_p1@256,q5:same_plan_trace;q7:same_plan_trace,0.95,938.0,1701.247,27548.882,33.31327,3,0,25952.0,26762.58,22714.79,True,374143,372608,545,990,0.99589729,0.35504886,0.99735395,0,0,211435,211435,3402,495.0,28043.882,2442.0,True,15291.0,0.0
stage3_protect_tp,5;7,2048,256,True,,q5:q5_p1@256;q7:q7_p1@256,q5:same_plan_trace;q7:same_plan_trace,0.95,938.0,1701.247,27548.882,33.31327,3,0,25408.0,26218.58,22555.833,True,374143,373153,0,990,0.99735395,0.0,0.99735395,0,0,211467,211467,3402,495.0,28043.882,2986.0,True,15291.0,0.0
stage3_protect_tp,5;7,4096,256,True,,q5:q5_p1@256;q7:q7_p1@256,q5:same_plan_trace;q7:same_plan_trace,0.95,938.0,1701.247,27548.882,33.31327,3,0,23360.0,24170.58,21957.407,True,374143,373153,0,990,0.99735395,0.0,0.99735395,0,0,211467,211467,3402,495.0,28043.882,5034.0,True,15291.0,0.0
stage3_protect_tp,5;7,8192,256,True,,q5:q5_p1@256;q7:q7_p1@256,q5:same_plan_trace;q7:same_plan_trace,0.95,938.0,1701.247,27548.882,33.31327,3,0,19264.0,20074.58,20760.556,True,374143,373153,0,990,0.99735395,0.0,0.99735395,0,0,211467,211467,3402,495.0,28043.882,9130.0,True,15291.0,0.0
stage3_protect_tp,5;7,128,512,True,q5:q5_p2,q5:q5_p2:synthesized;q7:q7_p1@256,q5:source+same_query_trace;q7:same_plan_trace,0.75,1588.0,922.931,8819.094,10.664421,2,0,27328.0,27556.668,22845.131,True,374143,365650,7503,990,0.97730012,0.88343342,0.99735395,0,0,209846,209846,1845,495.0,9314.094,1716.0,True,15291.0,0.0
stage3_protect_tp,5;7,256,512,True,q5:q5_p2,q5:q5_p2:synthesized;q7:q7_p1@256,q5:source+same_query_trace;q7:same_plan_trace,0.75,1588.0,922.931,8819.094,10.664421,2,0,27200.0,27428.668,22807.729,True,374143,369142,4011,990,0.98663345,0.80203959,0.99735395,0,0,209846,209846,1845,495.0,9314.094,1844.0,True,15291.0,0.0
stage3_protect_tp,5;7,512,512,True,q5:q5_p2,q5:q5_p2:synthesized;q7:q7_p1@256,q5:source+same_query_trace;q7:same_plan_trace,0.75,1588.0,922.931,8819.094,10.664421,2,0,26944.0,27172.668,22732.926,True,374143,370992,2161,990,0.99157809,0.68581403,0.99735395,0,0,209810,209810,1845,495.0,9314.094,2100.0,True,15291.0,0.0
stage3_protect_tp,5;7,1024,512,True,q5:q5_p2,q5:q5_p2:synthesized;q7:q7_p1@256,q5:source+same_query_trace;q7:same_plan_trace,0.75,1588.0,922.931,8819.094,10.664421,2,0,26432.0,26660.668,22583.32,True,374143,372302,851,990,0.99507942,0.46224878,0.99735395,0,0,209974,209974,1845,495.0,9314.094,2612.0,True,15291.0,0.0
stage3_protect_tp,5;7,1504,512,True,q5:q5_p2,q5:q5_p2:synthesized;q7:q7_p1@256,q5:source+same_query_trace;q7:same_plan_trace,0.75,1588.0,922.931,8819.094,10.664421,2,0,25952.0,26180.668,22443.064,True,374143,372608,545,990,0.99589729,0.35504886,0.99735395,0,0,209910,209910,1845,495.0,9314.094,3092.0,True,15291.0,0.0
stage3_protect_tp,5;7,2048,512,True,q5:q5_p2,q5:q5_p2:synthesized;q7:q7_p1@256,q5:source+same_query_trace;q7:same_plan_trace,0.75,1588.0,922.931,8819.094,10.664421,2,0,25408.0,25636.668,22284.107,True,374143,373153,0,990,0.99735395,0.0,0.99735395,0,0,209910,209910,1845,495.0,9314.094,3636.0,True,15291.0,0.0
stage3_protect_tp,5;7,4096,512,True,q5:q5_p2,q5:q5_p2:synthesized;q7:q7_p1@256,q5:source+same_query_trace;q7:same_plan_trace,0.75,1588.0,922.931,8819.094,10.664421,2,0,23360.0,23588.668,21685.681,True,374143,373153,0,990,0.99735395,0.0,0.99735395,0,0,209910,209910,1845,495.0,9314.094,5684.0,True,15291.0,0.0
stage3_protect_tp,5;7,8192,512,True,q5:q5_p2,q5:q5_p2:synthesized;q7:q7_p1@256,q5:source+same_query_trace;q7:same_plan_trace,0.75,1588.0,922.931,8819.094,10.664421,2,0,19264.0,19492.668,20488.83,True,374143,373153,0,990,0.99735395,0.0,0.99735395,0,0,209910,209910,1845,495.0,9314.094,9780.0,True,15291.0,0.0
stage3_protect_tp,5;7,128,1024,True,q7:q7_p2,q5:q5_p1@256;q7:q7_p2:synthesized,q5:same_plan_trace;q7:source+same_query_trace,0.75,3262.0,3264.995,6529.99,7.89634,1,0,27328.0,27328.0,22145.332,True,374143,365650,7503,990,0.97730012,0.88343342,0.99735395,0,0,214530,214530,6529,495.0,7024.99,3390.0,True,15291.0,0.0
stage3_protect_tp,5;7,256,1024,True,q7:q7_p2,q5:q5_p1@256;q7:q7_p2:synthesized,q5:same_plan_trace;q7:source+same_query_trace,0.75,3262.0,3264.995,6529.99,7.89634,1,0,27200.0,27200.0,22107.93,True,374143,369142,4011,990,0.98663345,0.80203959,0.99735395,0,0,214530,214530,6529,495.0,7024.99,3518.0,True,15291.0,0.0
stage3_protect_tp,5;7,512,1024,True,q7:q7_p2,q5:q5_p1@256;q7:q7_p2:synthesized,q5:same_plan_trace;q7:source+same_query_trace,0.75,3262.0,3264.995,6529.99,7.89634,1,0,26944.0,26944.0,22033.127,True,374143,370992,2161,990,0.99157809,0.68581403,0.99735395,0,0,214507,214507,6529,495.0,7024.99,3774.0,True,15291.0,0.0
stage3_protect_tp,5;7,1024,1024,True,q7:q7_p2,q5:q5_p1@256;q7:q7_p2:synthesized,q5:same_plan_trace;q7:source+same_query_trace,0.75,3262.0,3264.995,6529.99,7.89634,1,0,26432.0,26432.0,21883.521,True,374143,372302,851,990,0.99507942,0.46224878,0.99735395,0,0,214690,214690,6529,495.0,7024.99,4286.0,True,15291.0,0.0
stage3_protect_tp,5;7,1504,1024,True,q7:q7_p2,q5:q5_p1@256;q7:q7_p2:synthesized,q5:same_plan_trace;q7:source+same_query_trace,0.75,3262.0,3264.995,6529.99,7.89634,1,0,25952.0,25952.0,21743.265,True,374143,372608,545,990,0.99589729,0.35504886,0.99735395,0,0,214594,214594,6529,495.0,7024.99,4766.0,True,15291.0,0.0
stage3_protect_tp,5;7,2048,1024,True,q7:q7_p2,q5:q5_p1@256;q7:q7_p2:synthesized,q5:same_plan_trace;q7:source+same_query_trace,0.75,3262.0,3264.995,6529.99,7.89634,1,0,25408.0,25408.0,21584.308,True,374143,373153,0,990,0.99735395,0.0,0.99735395,0,0,214594,214594,6529,495.0,7024.99,5310.0,True,15291.0,0.0
stage3_protect_tp,5;7,4096,1024,True,q7:q7_p2,q5:q5_p1@256;q7:q7_p2:synthesized,q5:same_plan_trace;q7:source+same_query_trace,0.75,3262.0,3264.995,6529.99,7.89634,1,0,23360.0,23360.0,20985.882,True,374143,373153,0,990,0.99735395,0.0,0.99735395,0,0,214594,214594,6529,495.0,7024.99,7358.0,True,15291.0,0.0
stage3_protect_tp,5;7,8192,1024,True,q7:q7_p2,q5:q5_p1@256;q7:q7_p2:synthesized,q5:same_plan_trace;q7:source+same_query_trace,0.75,3262.0,3264.995,6529.99,7.89634,1,0,19264.0,19264.0,19789.031,True,374143,373153,0,990,0.99735395,0.0,0.99735395,0,0,214594,214594,6529,495.0,7024.99,11454.0,True,15291.0,0.0
stage3_protect_tp,5;7,128,1083,True,,q5:q5_p1@256;q7:q7_p1@256,q5:same_plan_trace;q7:same_plan_trace,0.95,2959.0,0.0,0.0,0.0,0,0,27328.0,27293.721,22271.998,True,374143,365650,7503,990,0.97730012,0.88343342,0.99735395,0,0,208001,208001,0,495.0,495.0,3087.0,True,15291.0,0.0
stage3_protect_tp,5;7,256,1083,True,,q5:q5_p1@256;q7:q7_p1@256,q5:same_plan_trace;q7:same_plan_trace,0.95,2959.0,0.0,0.0,0.0,0,0,27200.0,27165.721,22234.596,True,374143,369142,4011,990,0.98663345,0.80203959,0.99735395,0,0,208001,208001,0,495.0,495.0,3215.0,True,15291.0,0.0
stage3_protect_tp,5;7,512,1083,True,,q5:q5_p1@256;q7:q7_p1@256,q5:same_plan_trace;q7:same_plan_trace,0.95,2959.0,0.0,0.0,0.0,0,0,26944.0,26909.721,22159.793,True,374143,370992,2161,990,0.99157809,0.68581403,0.99735395,0,0,207961,207961,0,495.0,495.0,3471.0,True,15291.0,0.0
stage3_protect_tp,5;7,1024,1083,True,,q5:q5_p1@256;q7:q7_p1@256,q5:same_plan_trace;q7:same_plan_trace,0.95,2959.0,0.0,0.0,0.0,0,0,26432.0,26397.721,22010.187,True,374143,372302,851,990,0.99507942,0.46224878,0.99735395,0,0,208129,208129,0,495.0,495.0,3983.0,True,15291.0,0.0
stage3_protect_tp,5;7,1504,1083,True,,q5:q5_p1@256;q7:q7_p1@256,q5:same_plan_trace;q7:same_plan_trace,0.95,2959.0,0.0,0.0,0.0,0,0,25952.0,25917.721,21869.931,True,374143,372608,545,990,0.99589729,0.35504886,0.99735395,0,0,208065,208065,0,495.0,495.0,4463.0,True,15291.0,0.0
stage3_protect_tp,5;7,2048,1083,True,,q5:q5_p1@256;q7:q7_p1@256,q5:same_plan_trace;q7:same_plan_trace,0.95,2959.0,0.0,0.0,0.0,0,0,25408.0,25373.721,21710.974,True,374143,373153,0,990,0.99735395,0.0,0.99735395,0,0,208065,208065,0,495.0,495.0,5007.0,True,15291.0,0.0
stage3_protect_tp,5;7,4096,1083,True,,q5:q5_p1@256;q7:q7_p1@256,q5:same_plan_trace;q7:same_plan_trace,0.95,2959.0,0.0,0.0,0.0,0,0,23360.0,23325.721,21112.548,True,374143,373153,0,990,0.99735395,0.0,0.99735395,0,0,208065,208065,0,495.0,495.0,7055.0,True,15291.0,0.0
stage3_protect_tp,5;7,8192,1083,True,,q5:q5_p1@256;q7:q7_p1@256,q5:same_plan_trace;q7:same_plan_trace,0.95,2959.0,0.0,0.0,0.0,0,0,19264.0,19229.721,19915.697,True,374143,373153,0,990,0.99735395,0.0,0.99735395,0,0,208065,208065,0,495.0,495.0,11151.0,True,15291.0,0.0
stage3_protect_tp,5;7,128,1137,True,,q5:q5_p1@256;q7:q7_p1@256,q5:same_plan_trace;q7:same_plan_trace,0.95,3013.0,0.0,0.0,0.0,0,0,27328.0,27271.147,22249.424,True,374143,365650,7503,990,0.97730012,0.88343342,0.99735395,0,0,208001,208001,0,495.0,495.0,3141.0,True,15291.0,0.0
stage3_protect_tp,5;7,256,1137,True,,q5:q5_p1@256;q7:q7_p1@256,q5:same_plan_trace;q7:same_plan_trace,0.95,3013.0,0.0,0.0,0.0,0,0,27200.0,27143.147,22212.022,True,374143,369142,4011,990,0.98663345,0.80203959,0.99735395,0,0,208001,208001,0,495.0,495.0,3269.0,True,15291.0,0.0
stage3_protect_tp,5;7,512,1137,True,,q5:q5_p1@256;q7:q7_p1@256,q5:same_plan_trace;q7:same_plan_trace,0.95,3013.0,0.0,0.0,0.0,0,0,26944.0,26887.147,22137.219,True,374143,370992,2161,990,0.99157809,0.68581403,0.99735395,0,0,207962,207962,0,495.0,495.0,3525.0,True,15291.0,0.0
stage3_protect_tp,5;7,1024,1137,True,,q5:q5_p1@256;q7:q7_p1@256,q5:same_plan_trace;q7:same_plan_trace,0.95,3013.0,0.0,0.0,0.0,0,0,26432.0,26375.147,21987.613,True,374143,372302,851,990,0.99507942,0.46224878,0.99735395,0,0,208129,208129,0,495.0,495.0,4037.0,True,15291.0,0.0
stage3_protect_tp,5;7,1504,1137,True,,q5:q5_p1@256;q7:q7_p1@256,q5:same_plan_trace;q7:same_plan_trace,0.95,3013.0,0.0,0.0,0.0,0,0,25952.0,25895.147,21847.357,True,374143,372608,545,990,0.99589729,0.35504886,0.99735395,0,0,208065,208065,0,495.0,495.0,4517.0,True,15291.0,0.0
stage3_protect_tp,5;7,2048,1137,True,,q5:q5_p1@256;q7:q7_p1@256,q5:same_plan_trace;q7:same_plan_trace,0.95,3013.0,0.0,0.0,0.0,0,0,25408.0,25351.147,21688.4,True,374143,373153,0,990,0.99735395,0.0,0.99735395,0,0,208065,208065,0,495.0,495.0,5061.0,True,15291.0,0.0
stage3_protect_tp,5;7,4096,1137,True,,q5:q5_p1@256;q7:q7_p1@256,q5:same_plan_trace;q7:same_plan_trace,0.95,3013.0,0.0,0.0,0.0,0,0,23360.0,23303.147,21089.974,True,374143,373153,0,990,0.99735395,0.0,0.99735395,0,0,208065,208065,0,495.0,495.0,7109.0,True,15291.0,0.0
stage3_protect_tp,5;7,8192,1137,True,,q5:q5_p1@256;q7:q7_p1@256,q5:same_plan_trace;q7:same_plan_trace,0.95,3013.0,0.0,0.0,0.0,0,0,19264.0,19207.147,19893.123,True,374143,373153,0,990,0.99735395,0.0,0.99735395,0,0,208065,208065,0,495.0,495.0,11205.0,True,15291.0,0.0
stage4_backpressure,9;13;18;21,128,128,True,,q9:q9_p1@256;q13:q13_p1@256;q18:q18_p1@256;q21:q21_p2@256,q9:same_plan_trace;q13:same_plan_trace;q18:same_plan_trace;q21:same_plan_trace,0.95,1392.0,33266.878,123872.065,33.140031,9,1,26856.0,30008.858,22927.067,True,7415716,7152032,262110,1574,0.96444254,0.99403073,0.99978775,0,0,965438,965438,66533,787.0,124659.065,1520.0,True,15291.0,0.0
stage4_backpressure,9;13;18;21,256,128,True,,q9:q9_p1@256;q13:q13_p1@256;q18:q18_p1@256;q21:q21_p2@256,q9:same_plan_trace;q13:same_plan_trace;q18:same_plan_trace;q21:same_plan_trace,0.95,1392.0,33266.878,123872.065,33.140031,9,1,26728.0,29880.858,22889.665,True,7415716,7381479,32663,1574,0.99538318,0.95402635,0.99978775,0,0,967594,967594,66533,787.0,124659.065,1648.0,True,15291.0,0.0
stage4_backpressure,9;13;18;21,512,128,True,,q9:q9_p1@256;q13:q13_p1@256;q18:q18_p1@256;q21:q21_p2@256,q9:same_plan_trace;q13:same_plan_trace;q18:same_plan_trace;q21:same_plan_trace,0.95,1392.0,33266.878,123872.065,33.140031,9,1,26472.0,29624.858,22814.862,True,7415716,7406261,7881,1574,0.99872501,0.83352723,0.99978775,0,0,970233,970233,66533,787.0,124659.065,1904.0,True,15291.0,0.0
stage4_backpressure,9;13;18;21,1024,128,True,,q9:q9_p1@256;q13:q13_p1@256;q18:q18_p1@256;q21:q21_p2@256,q9:same_plan_trace;q13:same_plan_trace;q18:same_plan_trace;q21:same_plan_trace,0.95,1392.0,33266.878,123872.065,33.140031,9,1,25960.0,29112.858,22665.256,True,7415716,7411702,2440,1574,0.99945872,0.60787245,0.99978775,0,0,972744,972744,66533,787.0,124659.065,2416.0,True,15291.0,0.0
stage4_backpressure,9;13;18;21,1504,128,True,,q9:q9_p1@256;q13:q13_p1@256;q18:q18_p1@256;q21:q21_p2@256,q9:same_plan_trace;q13:same_plan_trace;q18:same_plan_trace;q21:same_plan_trace,0.95,1392.0,33266.878,123872.065,33.140031,9,1,25480.0,28632.858,22525.0,True,7415716,7412835,1307,1574,0.9996115,0.45366192,0.99978775,0,0,973513,973513,66533,787.0,124659.065,2896.0,True,15291.0,0.0
stage4_backpressure,9;13;18;21,2048,128,True,,q9:q9_p1@256;q13:q13_p1@256;q18:q18_p1@256;q21:q21_p2@256,q9:same_plan_trace;q13:same_plan_trace;q18:same_plan_trace;q21:same_plan_trace,0.95,1392.0,33266.878,123872.065,33.140031,9,1,24936.0,28088.858,22366.043,True,7415716,7412962,1180,1574,0.99962863,0.42846768,0.99978775,0,0,974319,974319,66533,787.0,124659.065,3440.0,True,15291.0,0.0
stage4_backpressure,9;13;18;21,4096,128,True,,q9:q9_p1@256;q13:q13_p1@256;q18:q18_p1@256;q21:q21_p2@256,q9:same_plan_trace;q13:same_plan_trace;q18:same_plan_trace;q21:same_plan_trace,0.95,1392.0,33266.878,123872.065,33.140031,9,1,22888.0,26040.858,21767.617,True,7415716,7414142,0,1574,0.99978775,0.0,0.99978775,0,0,977679,977679,66533,787.0,124659.065,5488.0,True,15291.0,0.0
stage4_backpressure,9;13;18;21,8192,128,True,,q9:q9_p1@256;q13:q13_p1@256;q18:q18_p1@256;q21:q21_p2@256,q9:same_plan_trace;q13:same_plan_trace;q18:same_plan_trace;q21:same_plan_trace,0.95,1392.0,33266.878,123872.065,33.140031,9,1,18792.0,21944.858,20570.766,True,7415716,7414142,0,1574,0.99978775,0.0,0.99978775,0,0,985592,985592,66533,787.0,124659.065,9584.0,True,15291.0,0.0
stage4_backpressure,9;13;18;21,128,256,True,,q9:q9_p1@256;q13:q13_p1@256;q18:q18_p1@256;q21:q21_p2@256,q9:same_plan_trace;q13:same_plan_trace;q18:same_plan_trace;q21:same_plan_trace,0.95,2544.0,32641.802,103513.959,27.693538,9,1,26856.0,29527.276,22445.485,True,7415716,7152032,262110,1574,0.96444254,0.99403073,0.99978775,0,0,967053,967053,65283,787.0,104300.959,2672.0,True,15291.0,0.0
stage4_backpressure,9;13;18;21,256,256,True,,q9:q9_p1@256;q13:q13_p1@256;q18:q18_p1@256;q21:q21_p2@256,q9:same_plan_trace;q13:same_plan_trace;q18:same_plan_trace;q21:same_plan_trace,0.95,2544.0,32641.802,103513.959,27.693538,9,1,26728.0,29399.276,22408.083,True,7415716,7381479,32663,1574,0.99538318,0.95402635,0.99978775,0,0,969411,969411,65283,787.0,104300.959,2800.0,True,15291.0,0.0
stage4_backpressure,9;13;18;21,512,256,True,,q9:q9_p1@256;q13:q13_p1@256;q18:q18_p1@256;q21:q21_p2@256,q9:same_plan_trace;q13:same_plan_trace;q18:same_plan_trace;q21:same_plan_trace,0.95,2544.0,32641.802,103513.959,27.693538,9,1,26472.0,29143.276,22333.28,True,7415716,7406261,7881,1574,0.99872501,0.83352723,0.99978775,0,0,971631,971631,65283,787.0,104300.959,3056.0,True,15291.0,0.0
stage4_backpressure,9;13;18;21,1024,256,True,,q9:q9_p1@256;q13:q13_p1@256;q18:q18_p1@256;q21:q21_p2@256,q9:same_plan_trace;q13:same_plan_trace;q18:same_plan_trace;q21:same_plan_trace,0.95,2544.0,32641.802,103513.959,27.693538,9,1,25960.0,28631.276,22183.673,True,7415716,7411702,2440,1574,0.99945872,0.60787245,0.99978775,0,0,972277,972277,65283,787.0,104300.959,3568.0,True,15291.0,0.0
stage4_backpressure,9;13;18;21,1504,256,True,,q9:q9_p1@256;q13:q13_p1@256;q18:q18_p1@256;q21:q21_p2@256,q9:same_plan_trace;q13:same_plan_trace;q18:same_plan_trace;q21:same_plan_trace,0.95,2544.0,32641.802,103513.959,27.693538,9,1,25480.0,28151.276,22043.417,True,7415716,7412835,1307,1574,0.9996115,0.45366192,0.99978775,0,0,973066,973066,65283,787.0,104300.959,4048.0,True,15291.0,0.0
stage4_backpressure,9;13;18;21,2048,256,True,,q9:q9_p1@256;q13:q13_p1@256;q18:q18_p1@256;q21:q21_p2@256,q9:same_plan_trace;q13:same_plan_trace;q18:same_plan_trace;q21:same_plan_trace,0.95,2544.0,32641.802,103513.959,27.693538,9,1,24936.0,27607.276,21884.461,True,7415716,7412962,1180,1574,0.99962863,0.42846768,0.99978775,0,0,973961,973961,65283,787.0,104300.959,4592.0,True,15291.0,0.0
stage4_backpressure,9;13;18;21,4096,256,True,,q9:q9_p1@256;q13:q13_p1@256;q18:q18_p1@256;q21:q21_p2@256,q9:same_plan_trace;q13:same_plan_trace;q18:same_plan_trace;q21:same_plan_trace,0.95,2544.0,32641.802,103513.959,27.693538,9,1,22888.0,25559.276,21286.035,True,7415716,7414142,0,1574,0.99978775,0.0,0.99978775,0,0,977291,977291,65283,787.0,104300.959,6640.0,True,15291.0,0.0
stage4_backpressure,9;13;18;21,8192,256,True,,q9:q9_p1@256;q13:q13_p1@256;q18:q18_p1@256;q21:q21_p2@256,q9:same_plan_trace;q13:same_plan_trace;q18:same_plan_trace;q21:same_plan_trace,0.95,2544.0,32641.802,103513.959,27.693538,9,1,18792.0,21463.276,20089.184,True,7415716,7414142,0,1574,0.99978775,0.0,0.99978775,0,0,985135,985135,65283,787.0,104300.959,10736.0,True,15291.0,0.0
stage4_backpressure,9;13;18;21,128,512,True,,q9:q9_p1@256;q13:q13_p1@256;q18:q18_p1@256;q21:q21_p2@256,q9:same_plan_trace;q13:same_plan_trace;q18:same_plan_trace;q21:same_plan_trace,0.95,4848.0,30089.784,81711.271,21.860571,9,1,26856.0,28564.111,21482.32,True,7415716,7152032,262110,1574,0.96444254,0.99403073,0.99978775,0,0,966898,966898,60179,787.0,82498.271,4976.0,True,15291.0,0.0
stage4_backpressure,9;13;18;21,256,512,True,,q9:q9_p1@256;q13:q13_p1@256;q18:q18_p1@256;q21:q21_p2@256,q9:same_plan_trace;q13:same_plan_trace;q18:same_plan_trace;q21:same_plan_trace,0.95,4848.0,30089.784,81711.271,21.860571,9,1,26728.0,28436.111,21444.919,True,7415716,7381479,32663,1574,0.99538318,0.95402635,0.99978775,0,0,967534,967534,60179,787.0,82498.271,5104.0,True,15291.0,0.0
stage4_backpressure,9;13;18;21,512,512,True,,q9:q9_p1@256;q13:q13_p1@256;q18:q18_p1@256;q21:q21_p2@256,q9:same_plan_trace;q13:same_plan_trace;q18:same_plan_trace;q21:same_plan_trace,0.95,4848.0,30089.784,81711.271,21.860571,9,1,26472.0,28180.111,21370.116,True,7415716,7406261,7881,1574,0.99872501,0.83352723,0.99978775,0,0,968016,968016,60179,787.0,82498.271,5360.0,True,15291.0,0.0
stage4_backpressure,9;13;18;21,1024,512,True,,q9:q9_p1@256;q13:q13_p1@256;q18:q18_p1@256;q21:q21_p2@256,q9:same_plan_trace;q13:same_plan_trace;q18:same_plan_trace;q21:same_plan_trace,0.95,4848.0,30089.784,81711.271,21.860571,9,1,25960.0,27668.111,21220.509,True,7415716,7411702,2440,1574,0.99945872,0.60787245,0.99978775,0,0,968819,968819,60179,787.0,82498.271,5872.0,True,15291.0,0.0
stage4_backpressure,9;13;18;21,1504,512,True,,q9:q9_p1@256;q13:q13_p1@256;q18:q18_p1@256;q21:q21_p2@256,q9:same_plan_trace;q13:same_plan_trace;q18:same_plan_trace;q21:same_plan_trace,0.95,4848.0,30089.784,81711.271,21.860571,9,1,25480.0,27188.111,21080.253,True,7415716,7412835,1307,1574,0.9996115,0.45366192,0.99978775,0,0,969527,969527,60179,787.0,82498.271,6352.0,True,15291.0,0.0
stage4_backpressure,9;13;18;21,2048,512,True,,q9:q9_p1@256;q13:q13_p1@256;q18:q18_p1@256;q21:q21_p2@256,q9:same_plan_trace;q13:same_plan_trace;q18:same_plan_trace;q21:same_plan_trace,0.95,4848.0,30089.784,81711.271,21.860571,9,1,24936.0,26644.111,20921.296,True,7415716,7412962,1180,1574,0.99962863,0.42846768,0.99978775,0,0,970265,970265,60179,787.0,82498.271,6896.0,True,15291.0,0.0
stage4_backpressure,9;13;18;21,4096,512,True,,q9:q9_p1@256;q13:q13_p1@256;q18:q18_p1@256;q21:q21_p2@256,q9:same_plan_trace;q13:same_plan_trace;q18:same_plan_trace;q21:same_plan_trace,0.95,4848.0,30089.784,81711.271,21.860571,9,1,22888.0,24596.111,20322.871,True,7415716,7414142,0,1574,0.99978775,0.0,0.99978775,0,0,973780,973780,60179,787.0,82498.271,8944.0,True,15291.0,0.0
stage4_backpressure,9;13;18;21,8192,512,True,,q9:q9_p1@256;q13:q13_p1@256;q18:q18_p1@256;q21:q21_p2@256,q9:same_plan_trace;q13:same_plan_trace;q18:same_plan_trace;q21:same_plan_trace,0.95,4848.0,30089.784,81711.271,21.860571,9,1,18792.0,20500.111,19126.02,True,7415716,7414142,0,1574,0.99978775,0.0,0.99978775,0,0,981579,981579,60179,787.0,82498.271,13040.0,True,15291.0,0.0
stage4_backpressure,9;13;18;21,128,1024,True,q21:q21_p3,q9:q9_p1@256;q13:q13_p1@256;q18:q18_p1@256;q21:q21_p3:synthesized,q9:same_plan_trace;q13:same_plan_trace;q18:same_plan_trace;q21:source+same_query_trace,0.75,8893.0,18638.72,45634.309,12.208745,7,0,26856.0,26856.0,19791.349,True,7415716,7152032,262110,1574,0.96444254,0.99403073,0.99978775,0,0,946302,946302,37277,787.0,46421.309,9021.0,True,15291.0,0.0
stage4_backpressure,9;13;18;21,256,1024,True,q21:q21_p3,q9:q9_p1@256;q13:q13_p1@256;q18:q18_p1@256;q21:q21_p3:synthesized,q9:same_plan_trace;q13:same_plan_trace;q18:same_plan_trace;q21:source+same_query_trace,0.75,8893.0,18638.72,45634.309,12.208745,7,0,26728.0,26728.0,19753.947,True,7415716,7381479,32663,1574,0.99538318,0.95402635,0.99978775,0,0,946742,946742,37277,787.0,46421.309,9149.0,True,15291.0,0.0
stage4_backpressure,9;13;18;21,512,1024,True,q21:q21_p3,q9:q9_p1@256;q13:q13_p1@256;q18:q18_p1@256;q21:q21_p3:synthesized,q9:same_plan_trace;q13:same_plan_trace;q18:same_plan_trace;q21:source+same_query_trace,0.75,8893.0,18638.72,45634.309,12.208745,7,0,26472.0,26472.0,19679.144,True,7415716,7406261,7881,1574,0.99872501,0.83352723,0.99978775,0,0,947166,947166,37277,787.0,46421.309,9405.0,True,15291.0,0.0
stage4_backpressure,9;13;18;21,1024,1024,True,q21:q21_p3,q9:q9_p1@256;q13:q13_p1@256;q18:q18_p1@256;q21:q21_p3:synthesized,q9:same_plan_trace;q13:same_plan_trace;q18:same_plan_trace;q21:source+same_query_trace,0.75,8893.0,18638.72,45634.309,12.208745,7,0,25960.0,25960.0,19529.537,True,7415716,7411702,2440,1574,0.99945872,0.60787245,0.99978775,0,0,947800,947800,37277,787.0,46421.309,9917.0,True,15291.0,0.0
stage4_backpressure,9;13;18;21,1504,1024,True,q21:q21_p3,q9:q9_p1@256;q13:q13_p1@256;q18:q18_p1@256;q21:q21_p3:synthesized,q9:same_plan_trace;q13:same_plan_trace;q18:same_plan_trace;q21:source+same_query_trace,0.75,8893.0,18638.72,45634.309,12.208745,7,0,25480.0,25480.0,19389.281,True,7415716,7412835,1307,1574,0.9996115,0.45366192,0.99978775,0,0,948550,948550,37277,787.0,46421.309,10397.0,True,15291.0,0.0
stage4_backpressure,9;13;18;21,2048,1024,True,q21:q21_p3,q9:q9_p1@256;q13:q13_p1@256;q18:q18_p1@256;q21:q21_p3:synthesized,q9:same_plan_trace;q13:same_plan_trace;q18:same_plan_trace;q21:source+same_query_trace,0.75,8893.0,18638.72,45634.309,12.208745,7,0,24936.0,24936.0,19230.325,True,7415716,7412962,1180,1574,0.99962863,0.42846768,0.99978775,0,0,949396,949396,37277,787.0,46421.309,10941.0,True,15291.0,0.0
stage4_backpressure,9;13;18;21,4096,1024,True,q21:q21_p3,q9:q9_p1@256;q13:q13_p1@256;q18:q18_p1@256;q21:q21_p3:synthesized,q9:same_plan_trace;q13:same_plan_trace;q18:same_plan_trace;q21:source+same_query_trace,0.75,8893.0,18638.72,45634.309,12.208745,7,0,22888.0,22888.0,18631.899,True,7415716,7414142,0,1574,0.99978775,0.0,0.99978775,0,0,953178,953178,37277,787.0,46421.309,12989.0,True,15291.0,0.0
stage4_backpressure,9;13;18;21,8192,1024,True,q21:q21_p3,q9:q9_p1@256;q13:q13_p1@256;q18:q18_p1@256;q21:q21_p3:synthesized,q9:same_plan_trace;q13:same_plan_trace;q18:same_plan_trace;q21:source+same_query_trace,0.75,8893.0,18638.72,45634.309,12.208745,7,0,18792.0,18792.0,17435.048,True,7415716,7414142,0,1574,0.99978775,0.0,0.99978775,0,0,960616,960616,37277,787.0,46421.309,17085.0,True,15291.0,0.0
stage4_backpressure,9;13;18;21,128,1174,True,q21:q21_p3,q9:q9_p1@256;q13:q13_p1@256;q18:q18_p1@256;q21:q21_p3:synthesized,q9:same_plan_trace;q13:same_plan_trace;q18:same_plan_trace;q21:source+same_query_trace,0.75,9943.0,17955.22,35817.743,9.582476,6,0,26856.0,26417.058,19352.407,True,7415716,7152032,262110,1574,0.96444254,0.99403073,0.99978775,0,0,945588,945588,35910,787.0,36604.743,10071.0,True,15291.0,0.0
stage4_backpressure,9;13;18;21,256,1174,True,q21:q21_p3,q9:q9_p1@256;q13:q13_p1@256;q18:q18_p1@256;q21:q21_p3:synthesized,q9:same_plan_trace;q13:same_plan_trace;q18:same_plan_trace;q21:source+same_query_trace,0.75,9943.0,17955.22,35817.743,9.582476,6,0,26728.0,26289.058,19315.005,True,7415716,7381479,32663,1574,0.99538318,0.95402635,0.99978775,0,0,946053,946053,35910,787.0,36604.743,10199.0,True,15291.0,0.0
stage4_backpressure,9;13;18;21,512,1174,True,q21:q21_p3,q9:q9_p1@256;q13:q13_p1@256;q18:q18_p1@256;q21:q21_p3:synthesized,q9:same_plan_trace;q13:same_plan_trace;q18:same_plan_trace;q21:source+same_query_trace,0.75,9943.0,17955.22,35817.743,9.582476,6,0,26472.0,26033.058,19240.202,True,7415716,7406261,7881,1574,0.99872501,0.83352723,0.99978775,0,0,946466,946466,35910,787.0,36604.743,10455.0,True,15291.0,0.0
stage4_backpressure,9;13;18;21,1024,1174,True,q21:q21_p3,q9:q9_p1@256;q13:q13_p1@256;q18:q18_p1@256;q21:q21_p3:synthesized,q9:same_plan_trace;q13:same_plan_trace;q18:same_plan_trace;q21:source+same_query_trace,0.75,9943.0,17955.22,35817.743,9.582476,6,0,25960.0,25521.058,19090.595,True,7415716,7411702,2440,1574,0.99945872,0.60787245,0.99978775,0,0,947115,947115,35910,787.0,36604.743,10967.0,True,15291.0,0.0
stage4_backpressure,9;13;18;21,1504,1174,True,q21:q21_p3,q9:q9_p1@256;q13:q13_p1@256;q18:q18_p1@256;q21:q21_p3:synthesized,q9:same_plan_trace;q13:same_plan_trace;q18:same_plan_trace;q21:source+same_query_trace,0.75,9943.0,17955.22,35817.743,9.582476,6,0,25480.0,25041.058,18950.339,True,7415716,7412835,1307,1574,0.9996115,0.45366192,0.99978775,0,0,947988,947988,35910,787.0,36604.743,11447.0,True,15291.0,0.0
stage4_backpressure,9;13;18;21,2048,1174,True,q21:q21_p3,q9:q9_p1@256;q13:q13_p1@256;q18:q18_p1@256;q21:q21_p3:synthesized,q9:same_plan_trace;q13:same_plan_trace;q18:same_plan_trace;q21:source+same_query_trace,0.75,9943.0,17955.22,35817.743,9.582476,6,0,24936.0,24497.058,18791.383,True,7415716,7412962,1180,1574,0.99962863,0.42846768,0.99978775,0,0,948781,948781,35910,787.0,36604.743,11991.0,True,15291.0,0.0
stage4_backpressure,9;13;18;21,4096,1174,True,q21:q21_p3,q9:q9_p1@256;q13:q13_p1@256;q18:q18_p1@256;q21:q21_p3:synthesized,q9:same_plan_trace;q13:same_plan_trace;q18:same_plan_trace;q21:source+same_query_trace,0.75,9943.0,17955.22,35817.743,9.582476,6,0,22888.0,22449.058,18192.957,True,7415716,7414142,0,1574,0.99978775,0.0,0.99978775,0,0,952602,952602,35910,787.0,36604.743,14039.0,True,15291.0,0.0
stage4_backpressure,9;13;18;21,8192,1174,True,q21:q21_p3,q9:q9_p1@256;q13:q13_p1@256;q18:q18_p1@256;q21:q21_p3:synthesized,q9:same_plan_trace;q13:same_plan_trace;q18:same_plan_trace;q21:source+same_query_trace,0.75,9943.0,17955.22,35817.743,9.582476,6,0,18792.0,18353.058,16996.106,True,7415716,7414142,0,1574,0.99978775,0.0,0.99978775,0,0,959507,959507,35910,787.0,36604.743,18135.0,True,15291.0,0.0
stage4_backpressure,9;13;18;21,128,1208,True,q21:q21_p3,q9:q9_p1@256;q13:q13_p1@256;q18:q18_p1@256;q21:q21_p3:synthesized,q9:same_plan_trace;q13:same_plan_trace;q18:same_plan_trace;q21:source+same_query_trace,0.75,10147.0,17929.223,35765.75,9.568566,6,0,26856.0,26331.778,19267.127,True,7415716,7152032,262110,1574,0.96444254,0.99403073,0.99978775,0,0,945688,945688,35858,787.0,36552.75,10275.0,True,15291.0,0.0
stage4_backpressure,9;13;18;21,256,1208,True,q21:q21_p3,q9:q9_p1@256;q13:q13_p1@256;q18:q18_p1@256;q21:q21_p3:synthesized,q9:same_plan_trace;q13:same_plan_trace;q18:same_plan_trace;q21:source+same_query_trace,0.75,10147.0,17929.223,35765.75,9.568566,6,0,26728.0,26203.778,19229.725,True,7415716,7381479,32663,1574,0.99538318,0.95402635,0.99978775,0,0,946143,946143,35858,787.0,36552.75,10403.0,True,15291.0,0.0
stage4_backpressure,9;13;18;21,512,1208,True,q21:q21_p3,q9:q9_p1@256;q13:q13_p1@256;q18:q18_p1@256;q21:q21_p3:synthesized,q9:same_plan_trace;q13:same_plan_trace;q18:same_plan_trace;q21:source+same_query_trace,0.75,10147.0,17929.223,35765.75,9.568566,6,0,26472.0,25947.778,19154.922,True,7415716,7406261,7881,1574,0.99872501,0.83352723,0.99978775,0,0,946580,946580,35858,787.0,36552.75,10659.0,True,15291.0,0.0
stage4_backpressure,9;13;18;21,1024,1208,True,q21:q21_p3,q9:q9_p1@256;q13:q13_p1@256;q18:q18_p1@256;q21:q21_p3:synthesized,q9:same_plan_trace;q13:same_plan_trace;q18:same_plan_trace;q21:source+same_query_trace,0.75,10147.0,17929.223,35765.75,9.568566,6,0,25960.0,25435.778,19005.315,True,7415716,7411702,2440,1574,0.99945872,0.60787245,0.99978775,0,0,947207,947207,35858,787.0,36552.75,11171.0,True,15291.0,0.0
stage4_backpressure,9;13;18;21,1504,1208,True,q21:q21_p3,q9:q9_p1@256;q13:q13_p1@256;q18:q18_p1@256;q21:q21_p3:synthesized,q9:same_plan_trace;q13:same_plan_trace;q18:same_plan_trace;q21:source+same_query_trace,0.75,10147.0,17929.223,35765.75,9.568566,6,0,25480.0,24955.778,18865.059,True,7415716,7412835,1307,1574,0.9996115,0.45366192,0.99978775,0,0,948059,948059,35858,787.0,36552.75,11651.0,True,15291.0,0.0
stage4_backpressure,9;13;18;21,2048,1208,True,q21:q21_p3,q9:q9_p1@256;q13:q13_p1@256;q18:q18_p1@256;q21:q21_p3:synthesized,q9:same_plan_trace;q13:same_plan_trace;q18:same_plan_trace;q21:source+same_query_trace,0.75,10147.0,17929.223,35765.75,9.568566,6,0,24936.0,24411.778,18706.103,True,7415716,7412962,1180,1574,0.99962863,0.42846768,0.99978775,0,0,948907,948907,35858,787.0,36552.75,12195.0,True,15291.0,0.0
stage4_backpressure,9;13;18;21,4096,1208,True,q21:q21_p3,q9:q9_p1@256;q13:q13_p1@256;q18:q18_p1@256;q21:q21_p3:synthesized,q9:same_plan_trace;q13:same_plan_trace;q18:same_plan_trace;q21:source+same_query_trace,0.75,10147.0,17929.223,35765.75,9.568566,6,0,22888.0,22363.778,18107.677,True,7415716,7414142,0,1574,0.99978775,0.0,0.99978775,0,0,952707,952707,35858,787.0,36552.75,14243.0,True,15291.0,0.0
stage4_backpressure,9;13;18;21,8192,1208,True,q21:q21_p3,q9:q9_p1@256;q13:q13_p1@256;q18:q18_p1@256;q21:q21_p3:synthesized,q9:same_plan_trace;q13:same_plan_trace;q18:same_plan_trace;q21:source+same_query_trace,0.75,10147.0,17929.223,35765.75,9.568566,6,0,18792.0,18267.778,16910.826,True,7415716,7414142,0,1574,0.99978775,0.0,0.99978775,0,0,959487,959487,35858,787.0,36552.75,18339.0,True,15291.0,0.0
stage4_backpressure,9;13;18;21,128,1504,True,q21:q21_p3,q9:q9_p1@256;q13:q13_p1@256;q18:q18_p1@256;q21:q21_p3:synthesized,q9:same_plan_trace;q13:same_plan_trace;q18:same_plan_trace;q21:source+same_query_trace,0.75,11923.0,17169.8,34246.903,9.162222,6,0,26856.0,25589.339,18524.687,True,7415716,7152032,262110,1574,0.96444254,0.99403073,0.99978775,0,0,945371,945371,34339,787.0,35033.903,12051.0,True,15291.0,0.0
stage4_backpressure,9;13;18;21,256,1504,True,q21:q21_p3,q9:q9_p1@256;q13:q13_p1@256;q18:q18_p1@256;q21:q21_p3:synthesized,q9:same_plan_trace;q13:same_plan_trace;q18:same_plan_trace;q21:source+same_query_trace,0.75,11923.0,17169.8,34246.903,9.162222,6,0,26728.0,25461.339,18487.286,True,7415716,7381479,32663,1574,0.99538318,0.95402635,0.99978775,0,0,945793,945793,34339,787.0,35033.903,12179.0,True,15291.0,0.0
stage4_backpressure,9;13;18;21,512,1504,True,q21:q21_p3,q9:q9_p1@256;q13:q13_p1@256;q18:q18_p1@256;q21:q21_p3:synthesized,q9:same_plan_trace;q13:same_plan_trace;q18:same_plan_trace;q21:source+same_query_trace,0.75,11923.0,17169.8,34246.903,9.162222,6,0,26472.0,25205.339,18412.483,True,7415716,7406261,7881,1574,0.99872501,0.83352723,0.99978775,0,0,946294,946294,34339,787.0,35033.903,12435.0,True,15291.0,0.0
stage4_backpressure,9;13;18;21,1024,1504,True,q21:q21_p3,q9:q9_p1@256;q13:q13_p1@256;q18:q18_p1@256;q21:q21_p3:synthesized,q9:same_plan_trace;q13:same_plan_trace;q18:same_plan_trace;q21:source+same_query_trace,0.75,11923.0,17169.8,34246.903,9.162222,6,0,25960.0,24693.339,18262.876,True,7415716,7411702,2440,1574,0.99945872,0.60787245,0.99978775,0,0,947036,947036,34339,787.0,35033.903,12947.0,True,15291.0,0.0
stage4_backpressure,9;13;18;21,1504,1504,True,q21:q21_p3,q9:q9_p1@256;q13:q13_p1@256;q18:q18_p1@256;q21:q21_p3:synthesized,q9:same_plan_trace;q13:same_plan_trace;q18:same_plan_trace;q21:source+same_query_trace,0.75,11923.0,17169.8,34246.903,9.162222,6,0,25480.0,24213.339,18122.62,True,7415716,7412835,1307,1574,0.9996115,0.45366192,0.99978775,0,0,947837,947837,34339,787.0,35033.903,13427.0,True,15291.0,0.0
stage4_backpressure,9;13;18;21,2048,1504,True,q21:q21_p3,q9:q9_p1@256;q13:q13_p1@256;q18:q18_p1@256;q21:q21_p3:synthesized,q9:same_plan_trace;q13:same_plan_trace;q18:same_plan_trace;q21:source+same_query_trace,0.75,11923.0,17169.8,34246.903,9.162222,6,0,24936.0,23669.339,17963.663,True,7415716,7412962,1180,1574,0.99962863,0.42846768,0.99978775,0,0,948704,948704,34339,787.0,35033.903,13971.0,True,15291.0,0.0
stage4_backpressure,9;13;18;21,4096,1504,True,q21:q21_p3,q9:q9_p1@256;q13:q13_p1@256;q18:q18_p1@256;q21:q21_p3:synthesized,q9:same_plan_trace;q13:same_plan_trace;q18:same_plan_trace;q21:source+same_query_trace,0.75,11923.0,17169.8,34246.903,9.162222,6,0,22888.0,21621.339,17365.238,True,7415716,7414142,0,1574,0.99978775,0.0,0.99978775,0,0,952545,952545,34339,787.0,35033.903,16019.0,True,15291.0,0.0
stage4_backpressure,9;13;18;21,8192,1504,True,q21:q21_p3,q9:q9_p1@256;q13:q13_p1@256;q18:q18_p1@256;q21:q21_p3:synthesized,q9:same_plan_trace;q13:same_plan_trace;q18:same_plan_trace;q21:source+same_query_trace,0.75,11923.0,17169.8,34246.903,9.162222,6,0,18792.0,17525.339,16168.387,True,7415716,7414142,0,1574,0.99978775,0.0,0.99978775,0,0,958462,958462,34339,787.0,35033.903,20115.0,True,15291.0,0.0
stage4_backpressure,9;13;18;21,128,2048,True,q21:q21_p3,q9:q9_p1@256;q13:q13_p1@256;q18:q18_p1@256;q21:q21_p3:synthesized,q9:same_plan_trace;q13:same_plan_trace;q18:same_plan_trace;q21:source+same_query_trace,0.75,15011.0,15993.688,31894.68,8.532922,5,0,26856.0,24298.431,17233.78,True,7415716,7152032,262110,1574,0.96444254,0.99403073,0.99978775,0,0,945314,945314,31987,787.0,32681.68,15139.0,True,15291.0,0.0
stage4_backpressure,9;13;18;21,256,2048,True,q21:q21_p3,q9:q9_p1@256;q13:q13_p1@256;q18:q18_p1@256;q21:q21_p3:synthesized,q9:same_plan_trace;q13:same_plan_trace;q18:same_plan_trace;q21:source+same_query_trace,0.75,15011.0,15993.688,31894.68,8.532922,5,0,26728.0,24170.431,17196.378,True,7415716,7381479,32663,1574,0.99538318,0.95402635,0.99978775,0,0,945740,945740,31987,787.0,32681.68,15267.0,True,15291.0,0.0
stage4_backpressure,9;13;18;21,512,2048,True,q21:q21_p3,q9:q9_p1@256;q13:q13_p1@256;q18:q18_p1@256;q21:q21_p3:synthesized,q9:same_plan_trace;q13:same_plan_trace;q18:same_plan_trace;q21:source+same_query_trace,0.75,15011.0,15993.688,31894.68,8.532922,5,0,26472.0,23914.431,17121.575,True,7415716,7406261,7881,1574,0.99872501,0.83352723,0.99978775,0,0,946255,946255,31987,787.0,32681.68,15523.0,True,15291.0,0.0
stage4_backpressure,9;13;18;21,1024,2048,True,q21:q21_p3,q9:q9_p1@256;q13:q13_p1@256;q18:q18_p1@256;q21:q21_p3:synthesized,q9:same_plan_trace;q13:same_plan_trace;q18:same_plan_trace;q21:source+same_query_trace,0.75,15011.0,15993.688,31894.68,8.532922,5,0,25960.0,23402.431,16971.969,True,7415716,7411702,2440,1574,0.99945872,0.60787245,0.99978775,0,0,947067,947067,31987,787.0,32681.68,16035.0,True,15291.0,0.0
stage4_backpressure,9;13;18;21,1504,2048,True,q21:q21_p3,q9:q9_p1@256;q13:q13_p1@256;q18:q18_p1@256;q21:q21_p3:synthesized,q9:same_plan_trace;q13:same_plan_trace;q18:same_plan_trace;q21:source+same_query_trace,0.75,15011.0,15993.688,31894.68,8.532922,5,0,25480.0,22922.431,16831.713,True,7415716,7412835,1307,1574,0.9996115,0.45366192,0.99978775,0,0,947960,947960,31987,787.0,32681.68,16515.0,True,15291.0,0.0
stage4_backpressure,9;13;18;21,2048,2048,True,q21:q21_p3,q9:q9_p1@256;q13:q13_p1@256;q18:q18_p1@256;q21:q21_p3:synthesized,q9:same_plan_trace;q13:same_plan_trace;q18:same_plan_trace;q21:source+same_query_trace,0.75,15011.0,15993.688,31894.68,8.532922,5,0,24936.0,22378.431,16672.756,True,7415716,7412962,1180,1574,0.99962863,0.42846768,0.99978775,0,0,948825,948825,31987,787.0,32681.68,17059.0,True,15291.0,0.0
stage4_backpressure,9;13;18;21,4096,2048,True,q21:q21_p3,q9:q9_p1@256;q13:q13_p1@256;q18:q18_p1@256;q21:q21_p3:synthesized,q9:same_plan_trace;q13:same_plan_trace;q18:same_plan_trace;q21:source+same_query_trace,0.75,15011.0,15993.688,31894.68,8.532922,5,0,22888.0,20330.431,16074.33,True,7415716,7414142,0,1574,0.99978775,0.0,0.99978775,0,0,952573,952573,31987,787.0,32681.68,19107.0,True,15291.0,0.0
stage4_backpressure,9;13;18;21,8192,2048,True,q21:q21_p3,q9:q9_p1@256;q13:q13_p1@256;q18:q18_p1@256;q21:q21_p3:synthesized,q9:same_plan_trace;q13:same_plan_trace;q18:same_plan_trace;q21:source+same_query_trace,0.75,15011.0,15993.688,31894.68,8.532922,5,0,18792.0,16234.431,14877.479,True,7415716,7414142,0,1574,0.99978775,0.0,0.99978775,0,0,957853,957853,31987,787.0,32681.68,23203.0,True,15291.0,0.0
stage4_backpressure,9;13;18;21,128,2968,True,q21:q21_p3,q9:q9_p1@256;q13:q13_p1@256;q18:q18_p1@256;q21:q21_p3:synthesized,q9:same_plan_trace;q13:same_plan_trace;q18:same_plan_trace;q21:source+same_query_trace,0.75,18932.0,13284.241,23660.716,6.330054,3,0,26856.0,22659.296,15594.645,False,7415716,7152032,262110,1574,0.96444254,0.99403073,0.99978775,0,0,942883,942883,26568,787.0,24447.716,19060.0,False,15291.0,3641.0
stage4_backpressure,9;13;18;21,256,2968,True,q21:q21_p3,q9:q9_p1@256;q13:q13_p1@256;q18:q18_p1@256;q21:q21_p3:synthesized,q9:same_plan_trace;q13:same_plan_trace;q18:same_plan_trace;q21:source+same_query_trace,0.75,18932.0,13284.241,23660.716,6.330054,3,0,26728.0,22531.296,15557.244,False,7415716,7381479,32663,1574,0.99538318,0.95402635,0.99978775,0,0,943261,943261,26568,787.0,24447.716,19188.0,False,15291.0,3641.0
stage4_backpressure,9;13;18;21,512,2968,True,q21:q21_p3,q9:q9_p1@256;q13:q13_p1@256;q18:q18_p1@256;q21:q21_p3:synthesized,q9:same_plan_trace;q13:same_plan_trace;q18:same_plan_trace;q21:source+same_query_trace,0.75,18932.0,13284.241,23660.716,6.330054,3,0,26472.0,22275.296,15482.44,False,7415716,7406261,7881,1574,0.99872501,0.83352723,0.99978775,0,0,943799,943799,26568,787.0,24447.716,19444.0,False,15291.0,3641.0
stage4_backpressure,9;13;18;21,1024,2968,True,q21:q21_p3,q9:q9_p1@256;q13:q13_p1@256;q18:q18_p1@256;q21:q21_p3:synthesized,q9:same_plan_trace;q13:same_plan_trace;q18:same_plan_trace;q21:source+same_query_trace,0.75,18932.0,13284.241,23660.716,6.330054,3,0,25960.0,21763.296,15332.834,False,7415716,7411702,2440,1574,0.99945872,0.60787245,0.99978775,0,0,944663,944663,26568,787.0,24447.716,19956.0,False,15291.0,3641.0
stage4_backpressure,9;13;18;21,1504,2968,True,q21:q21_p3,q9:q9_p1@256;q13:q13_p1@256;q18:q18_p1@256;q21:q21_p3:synthesized,q9:same_plan_trace;q13:same_plan_trace;q18:same_plan_trace;q21:source+same_query_trace,0.75,18932.0,13284.241,23660.716,6.330054,3,0,25480.0,21283.296,15192.578,False,7415716,7412835,1307,1574,0.9996115,0.45366192,0.99978775,0,0,945450,945450,26568,787.0,24447.716,20436.0,False,15291.0,3641.0
stage4_backpressure,9;13;18;21,2048,2968,True,q21:q21_p3,q9:q9_p1@256;q13:q13_p1@256;q18:q18_p1@256;q21:q21_p3:synthesized,q9:same_plan_trace;q13:same_plan_trace;q18:same_plan_trace;q21:source+same_query_trace,0.75,18932.0,13284.241,23660.716,6.330054,3,0,24936.0,20739.296,15033.621,False,7415716,7412962,1180,1574,0.99962863,0.42846768,0.99978775,0,0,946255,946255,26568,787.0,24447.716,20980.0,False,15291.0,3641.0
stage4_backpressure,9;13;18;21,4096,2968,True,q21:q21_p3,q9:q9_p1@256;q13:q13_p1@256;q18:q18_p1@256;q21:q21_p3:synthesized,q9:same_plan_trace;q13:same_plan_trace;q18:same_plan_trace;q21:source+same_query_trace,0.75,18932.0,13284.241,23660.716,6.330054,3,0,22888.0,18691.296,14435.196,False,7415716,7414142,0,1574,0.99978775,0.0,0.99978775,0,0,949793,949793,26568,787.0,24447.716,23028.0,False,15291.0,3641.0
stage4_backpressure,9;13;18;21,8192,2968,True,q21:q21_p3,q9:q9_p1@256;q13:q13_p1@256;q18:q18_p1@256;q21:q21_p3:synthesized,q9:same_plan_trace;q13:same_plan_trace;q18:same_plan_trace;q21:source+same_query_trace,0.75,18932.0,13284.241,23660.716,6.330054,3,0,18792.0,14595.296,13238.344,False,7415716,7414142,0,1574,0.99978775,0.0,0.99978775,0,0,953598,953598,26568,787.0,24447.716,27124.0,False,15291.0,3641.0
stage4_backpressure,9;13;18;21,128,3117,True,q21:q21_p3,q9:q9_p1@256;q13:q13_p1@256;q18:q18_p1@256;q21:q21_p3:synthesized,q9:same_plan_trace;q13:same_plan_trace;q18:same_plan_trace;q21:source+same_query_trace,0.75,19379.0,13170.314,23432.863,6.269095,3,0,26856.0,22472.433,15407.781,False,7415716,7152032,262110,1574,0.96444254,0.99403073,0.99978775,0,0,943002,943002,26340,787.0,24219.863,19507.0,False,15291.0,4088.0
stage4_backpressure,9;13;18;21,256,3117,True,q21:q21_p3,q9:q9_p1@256;q13:q13_p1@256;q18:q18_p1@256;q21:q21_p3:synthesized,q9:same_plan_trace;q13:same_plan_trace;q18:same_plan_trace;q21:source+same_query_trace,0.75,19379.0,13170.314,23432.863,6.269095,3,0,26728.0,22344.433,15370.38,False,7415716,7381479,32663,1574,0.99538318,0.95402635,0.99978775,0,0,943406,943406,26340,787.0,24219.863,19635.0,False,15291.0,4088.0
stage4_backpressure,9;13;18;21,512,3117,True,q21:q21_p3,q9:q9_p1@256;q13:q13_p1@256;q18:q18_p1@256;q21:q21_p3:synthesized,q9:same_plan_trace;q13:same_plan_trace;q18:same_plan_trace;q21:source+same_query_trace,0.75,19379.0,13170.314,23432.863,6.269095,3,0,26472.0,22088.433,15295.576,False,7415716,7406261,7881,1574,0.99872501,0.83352723,0.99978775,0,0,943913,943913,26340,787.0,24219.863,19891.0,False,15291.0,4088.0
stage4_backpressure,9;13;18;21,1024,3117,True,q21:q21_p3,q9:q9_p1@256;q13:q13_p1@256;q18:q18_p1@256;q21:q21_p3:synthesized,q9:same_plan_trace;q13:same_plan_trace;q18:same_plan_trace;q21:source+same_query_trace,0.75,19379.0,13170.314,23432.863,6.269095,3,0,25960.0,21576.433,15145.97,False,7415716,7411702,2440,1574,0.99945872,0.60787245,0.99978775,0,0,944708,944708,26340,787.0,24219.863,20403.0,False,15291.0,4088.0
stage4_backpressure,9;13;18;21,1504,3117,True,q21:q21_p3,q9:q9_p1@256;q13:q13_p1@256;q18:q18_p1@256;q21:q21_p3:synthesized,q9:same_plan_trace;q13:same_plan_trace;q18:same_plan_trace;q21:source+same_query_trace,0.75,19379.0,13170.314,23432.863,6.269095,3,0,25480.0,21096.433,15005.714,False,7415716,7412835,1307,1574,0.9996115,0.45366192,0.99978775,0,0,945570,945570,26340,787.0,24219.863,20883.0,False,15291.0,4088.0
stage4_backpressure,9;13;18;21,2048,3117,True,q21:q21_p3,q9:q9_p1@256;q13:q13_p1@256;q18:q18_p1@256;q21:q21_p3:synthesized,q9:same_plan_trace;q13:same_plan_trace;q18:same_plan_trace;q21:source+same_query_trace,0.75,19379.0,13170.314,23432.863,6.269095,3,0,24936.0,20552.433,14846.757,False,7415716,7412962,1180,1574,0.99962863,0.42846768,0.99978775,0,0,946362,946362,26340,787.0,24219.863,21427.0,False,15291.0,4088.0
stage4_backpressure,9;13;18;21,4096,3117,True,q21:q21_p3,q9:q9_p1@256;q13:q13_p1@256;q18:q18_p1@256;q21:q21_p3:synthesized,q9:same_plan_trace;q13:same_plan_trace;q18:same_plan_trace;q21:source+same_query_trace,0.75,19379.0,13170.314,23432.863,6.269095,3,0,22888.0,18504.433,14248.332,False,7415716,7414142,0,1574,0.99978775,0.0,0.99978775,0,0,949700,949700,26340,787.0,24219.863,23475.0,False,15291.0,4088.0
stage4_backpressure,9;13;18;21,8192,3117,True,q21:q21_p3,q9:q9_p1@256;q13:q13_p1@256;q18:q18_p1@256;q21:q21_p3:synthesized,q9:same_plan_trace;q13:same_plan_trace;q18:same_plan_trace;q21:source+same_query_trace,0.75,19379.0,13170.314,23432.863,6.269095,3,0,18792.0,14408.433,13051.48,False,7415716,7414142,0,1574,0.99978775,0.0,0.99978775,0,0,953454,953454,26340,787.0,24219.863,27571.0,False,15291.0,4088.0
stage4_backpressure,9;13;18;21,128,4096,True,q9:q9_p2;q21:q21_p3,q9:q9_p2:synthesized;q13:q13_p1@256;q18:q18_p1@256;q21:q21_p3:synthesized,q9:source+same_query_trace;q13:same_plan_trace;q18:same_plan_trace;q21:source+same_query_trace,0.75,21284.0,13664.388,27328.777,7.311386,2,0,26856.0,21674.394,14611.415,False,7415716,7152032,262110,1574,0.96444254,0.99403073,0.99978775,0,0,945578,945578,27328,787.0,28115.777,21412.0,False,15291.0,5993.0
stage4_backpressure,9;13;18;21,256,4096,True,q9:q9_p2;q21:q21_p3,q9:q9_p2:synthesized;q13:q13_p1@256;q18:q18_p1@256;q21:q21_p3:synthesized,q9:source+same_query_trace;q13:same_plan_trace;q18:same_plan_trace;q21:source+same_query_trace,0.75,21284.0,13664.388,27328.777,7.311386,2,0,26728.0,21546.394,14574.013,False,7415716,7381479,32663,1574,0.99538318,0.95402635,0.99978775,0,0,945961,945961,27328,787.0,28115.777,21540.0,False,15291.0,5993.0
stage4_backpressure,9;13;18;21,512,4096,True,q9:q9_p2;q21:q21_p3,q9:q9_p2:synthesized;q13:q13_p1@256;q18:q18_p1@256;q21:q21_p3:synthesized,q9:source+same_query_trace;q13:same_plan_trace;q18:same_plan_trace;q21:source+same_query_trace,0.75,21284.0,13664.388,27328.777,7.311386,2,0,26472.0,21290.394,14499.21,False,7415716,7406261,7881,1574,0.99872501,0.83352723,0.99978775,0,0,946483,946483,27328,787.0,28115.777,21796.0,False,15291.0,5993.0
stage4_backpressure,9;13;18;21,1024,4096,True,q9:q9_p2;q21:q21_p3,q9:q9_p2:synthesized;q13:q13_p1@256;q18:q18_p1@256;q21:q21_p3:synthesized,q9:source+same_query_trace;q13:same_plan_trace;q18:same_plan_trace;q21:source+same_query_trace,0.75,21284.0,13664.388,27328.777,7.311386,2,0,25960.0,20778.394,14349.604,False,7415716,7411702,2440,1574,0.99945872,0.60787245,0.99978775,0,0,947246,947246,27328,787.0,28115.777,22308.0,False,15291.0,5993.0
stage4_backpressure,9;13;18;21,1504,4096,True,q9:q9_p2;q21:q21_p3,q9:q9_p2:synthesized;q13:q13_p1@256;q18:q18_p1@256;q21:q21_p3:synthesized,q9:source+same_query_trace;q13:same_plan_trace;q18:same_plan_trace;q21:source+same_query_trace,0.75,21284.0,13664.388,27328.777,7.311386,2,0,25480.0,20298.394,14209.348,False,7415716,7412835,1307,1574,0.9996115,0.45366192,0.99978775,0,0,948131,948131,27328,787.0,28115.777,22788.0,False,15291.0,5993.0
stage4_backpressure,9;13;18;21,2048,4096,True,q9:q9_p2;q21:q21_p3,q9:q9_p2:synthesized;q13:q13_p1@256;q18:q18_p1@256;q21:q21_p3:synthesized,q9:source+same_query_trace;q13:same_plan_trace;q18:same_plan_trace;q21:source+same_query_trace,0.75,21284.0,13664.388,27328.777,7.311386,2,0,24936.0,19754.394,14050.391,False,7415716,7412962,1180,1574,0.99962863,0.42846768,0.99978775,0,0,948871,948871,27328,787.0,28115.777,23332.0,False,15291.0,5993.0
stage4_backpressure,9;13;18;21,4096,4096,True,q9:q9_p2;q21:q21_p3,q9:q9_p2:synthesized;q13:q13_p1@256;q18:q18_p1@256;q21:q21_p3:synthesized,q9:source+same_query_trace;q13:same_plan_trace;q18:same_plan_trace;q21:source+same_query_trace,0.75,21284.0,13664.388,27328.777,7.311386,2,0,22888.0,17706.394,13451.965,False,7415716,7414142,0,1574,0.99978775,0.0,0.99978775,0,0,951238,951238,27328,787.0,28115.777,25380.0,False,15291.0,5993.0
stage4_backpressure,9;13;18;21,8192,4096,True,q9:q9_p2;q21:q21_p3,q9:q9_p2:synthesized;q13:q13_p1@256;q18:q18_p1@256;q21:q21_p3:synthesized,q9:source+same_query_trace;q13:same_plan_trace;q18:same_plan_trace;q21:source+same_query_trace,0.75,21284.0,13664.388,27328.777,7.311386,2,0,18792.0,13610.394,12255.114,False,7415716,7414142,0,1574,0.99978775,0.0,0.99978775,0,0,954963,954963,27328,787.0,28115.777,29476.0,False,15291.0,5993.0
stage4_backpressure,9;13;18;21,128,5707,True,q9:q9_p2;q21:q21_p3,q9:q9_p2:synthesized;q13:q13_p1@256;q18:q18_p1@256;q21:q21_p3:synthesized,q9:source+same_query_trace;q13:same_plan_trace;q18:same_plan_trace;q21:source+same_query_trace,0.75,24506.0,8282.215,16564.43,4.431554,1,0,26856.0,20327.469,13264.49,False,7415716,7152032,262110,1574,0.96444254,0.99403073,0.99978775,0,0,936965,936965,16564,787.0,17351.43,24634.0,False,15291.0,9215.0
stage4_backpressure,9;13;18;21,256,5707,True,q9:q9_p2;q21:q21_p3,q9:q9_p2:synthesized;q13:q13_p1@256;q18:q18_p1@256;q21:q21_p3:synthesized,q9:source+same_query_trace;q13:same_plan_trace;q18:same_plan_trace;q21:source+same_query_trace,0.75,24506.0,8282.215,16564.43,4.431554,1,0,26728.0,20199.469,13227.089,False,7415716,7381479,32663,1574,0.99538318,0.95402635,0.99978775,0,0,937208,937208,16564,787.0,17351.43,24762.0,False,15291.0,9215.0
stage4_backpressure,9;13;18;21,512,5707,True,q9:q9_p2;q21:q21_p3,q9:q9_p2:synthesized;q13:q13_p1@256;q18:q18_p1@256;q21:q21_p3:synthesized,q9:source+same_query_trace;q13:same_plan_trace;q18:same_plan_trace;q21:source+same_query_trace,0.75,24506.0,8282.215,16564.43,4.431554,1,0,26472.0,19943.469,13152.285,False,7415716,7406261,7881,1574,0.99872501,0.83352723,0.99978775,0,0,937774,937774,16564,787.0,17351.43,25018.0,False,15291.0,9215.0
stage4_backpressure,9;13;18;21,1024,5707,True,q9:q9_p2;q21:q21_p3,q9:q9_p2:synthesized;q13:q13_p1@256;q18:q18_p1@256;q21:q21_p3:synthesized,q9:source+same_query_trace;q13:same_plan_trace;q18:same_plan_trace;q21:source+same_query_trace,0.75,24506.0,8282.215,16564.43,4.431554,1,0,25960.0,19431.469,13002.679,False,7415716,7411702,2440,1574,0.99945872,0.60787245,0.99978775,0,0,938467,938467,16564,787.0,17351.43,25530.0,False,15291.0,9215.0
stage4_backpressure,9;13;18;21,1504,5707,True,q9:q9_p2;q21:q21_p3,q9:q9_p2:synthesized;q13:q13_p1@256;q18:q18_p1@256;q21:q21_p3:synthesized,q9:source+same_query_trace;q13:same_plan_trace;q18:same_plan_trace;q21:source+same_query_trace,0.75,24506.0,8282.215,16564.43,4.431554,1,0,25480.0,18951.469,12862.423,False,7415716,7412835,1307,1574,0.9996115,0.45366192,0.99978775,0,0,939284,939284,16564,787.0,17351.43,26010.0,False,15291.0,9215.0
stage4_backpressure,9;13;18;21,2048,5707,True,q9:q9_p2;q21:q21_p3,q9:q9_p2:synthesized;q13:q13_p1@256;q18:q18_p1@256;q21:q21_p3:synthesized,q9:source+same_query_trace;q13:same_plan_trace;q18:same_plan_trace;q21:source+same_query_trace,0.75,24506.0,8282.215,16564.43,4.431554,1,0,24936.0,18407.469,12703.466,False,7415716,7412962,1180,1574,0.99962863,0.42846768,0.99978775,0,0,939993,939993,16564,787.0,17351.43,26554.0,False,15291.0,9215.0
stage4_backpressure,9;13;18;21,4096,5707,True,q9:q9_p2;q21:q21_p3,q9:q9_p2:synthesized;q13:q13_p1@256;q18:q18_p1@256;q21:q21_p3:synthesized,q9:source+same_query_trace;q13:same_plan_trace;q18:same_plan_trace;q21:source+same_query_trace,0.75,24506.0,8282.215,16564.43,4.431554,1,0,22888.0,16359.469,12105.041,False,7415716,7414142,0,1574,0.99978775,0.0,0.99978775,0,0,942240,942240,16564,787.0,17351.43,28602.0,False,15291.0,9215.0
stage4_backpressure,9;13;18;21,8192,5707,True,q9:q9_p2;q21:q21_p3,q9:q9_p2:synthesized;q13:q13_p1@256;q18:q18_p1@256;q21:q21_p3:synthesized,q9:source+same_query_trace;q13:same_plan_trace;q18:same_plan_trace;q21:source+same_query_trace,0.75,24506.0,8282.215,16564.43,4.431554,1,0,18792.0,12263.469,10908.189,False,7415716,7414142,0,1574,0.99978775,0.0,0.99978775,0,0,948819,948819,16564,787.0,17351.43,32698.0,False,15291.0,9215.0
stage4_backpressure,9;13;18;21,128,6500,True,q9:q9_p2;q21:q21_p3,q9:q9_p2:synthesized;q13:q13_p1@256;q18:q18_p1@256;q21:q21_p3:synthesized,q9:source+same_query_trace;q13:same_plan_trace;q18:same_plan_trace;q21:source+same_query_trace,0.75,25299.0,7675.882,15351.763,4.107124,1,0,26856.0,19995.964,12932.984,False,7415716,7152032,262110,1574,0.96444254,0.99403073,0.99978775,0,0,936293,936293,15351,787.0,16138.763,25427.0,False,15291.0,10008.0
stage4_backpressure,9;13;18;21,256,6500,True,q9:q9_p2;q21:q21_p3,q9:q9_p2:synthesized;q13:q13_p1@256;q18:q18_p1@256;q21:q21_p3:synthesized,q9:source+same_query_trace;q13:same_plan_trace;q18:same_plan_trace;q21:source+same_query_trace,0.75,25299.0,7675.882,15351.763,4.107124,1,0,26728.0,19867.964,12895.583,False,7415716,7381479,32663,1574,0.99538318,0.95402635,0.99978775,0,0,936652,936652,15351,787.0,16138.763,25555.0,False,15291.0,10008.0
stage4_backpressure,9;13;18;21,512,6500,True,q9:q9_p2;q21:q21_p3,q9:q9_p2:synthesized;q13:q13_p1@256;q18:q18_p1@256;q21:q21_p3:synthesized,q9:source+same_query_trace;q13:same_plan_trace;q18:same_plan_trace;q21:source+same_query_trace,0.75,25299.0,7675.882,15351.763,4.107124,1,0,26472.0,19611.964,12820.78,False,7415716,7406261,7881,1574,0.99872501,0.83352723,0.99978775,0,0,937081,937081,15351,787.0,16138.763,25811.0,False,15291.0,10008.0
stage4_backpressure,9;13;18;21,1024,6500,True,q9:q9_p2;q21:q21_p3,q9:q9_p2:synthesized;q13:q13_p1@256;q18:q18_p1@256;q21:q21_p3:synthesized,q9:source+same_query_trace;q13:same_plan_trace;q18:same_plan_trace;q21:source+same_query_trace,0.75,25299.0,7675.882,15351.763,4.107124,1,0,25960.0,19099.964,12671.173,False,7415716,7411702,2440,1574,0.99945872,0.60787245,0.99978775,0,0,937793,937793,15351,787.0,16138.763,26323.0,False,15291.0,10008.0
stage4_backpressure,9;13;18;21,1504,6500,True,q9:q9_p2;q21:q21_p3,q9:q9_p2:synthesized;q13:q13_p1@256;q18:q18_p1@256;q21:q21_p3:synthesized,q9:source+same_query_trace;q13:same_plan_trace;q18:same_plan_trace;q21:source+same_query_trace,0.75,25299.0,7675.882,15351.763,4.107124,1,0,25480.0,18619.964,12530.917,False,7415716,7412835,1307,1574,0.9996115,0.45366192,0.99978775,0,0,938602,938602,15351,787.0,16138.763,26803.0,False,15291.0,10008.0
stage4_backpressure,9;13;18;21,2048,6500,True,q9:q9_p2;q21:q21_p3,q9:q9_p2:synthesized;q13:q13_p1@256;q18:q18_p1@256;q21:q21_p3:synthesized,q9:source+same_query_trace;q13:same_plan_trace;q18:same_plan_trace;q21:source+same_query_trace,0.75,25299.0,7675.882,15351.763,4.107124,1,0,24936.0,18075.964,12371.96,False,7415716,7412962,1180,1574,0.99962863,0.42846768,0.99978775,0,0,938983,938983,15351,787.0,16138.763,27347.0,False,15291.0,10008.0
stage4_backpressure,9;13;18;21,4096,6500,True,q9:q9_p2;q21:q21_p3,q9:q9_p2:synthesized;q13:q13_p1@256;q18:q18_p1@256;q21:q21_p3:synthesized,q9:source+same_query_trace;q13:same_plan_trace;q18:same_plan_trace;q21:source+same_query_trace,0.75,25299.0,7675.882,15351.763,4.107124,1,0,22888.0,16027.964,11773.535,False,7415716,7414142,0,1574,0.99978775,0.0,0.99978775,0,0,941214,941214,15351,787.0,16138.763,29395.0,False,15291.0,10008.0
stage4_backpressure,9;13;18;21,8192,6500,True,q9:q9_p2;q21:q21_p3,q9:q9_p2:synthesized;q13:q13_p1@256;q18:q18_p1@256;q21:q21_p3:synthesized,q9:source+same_query_trace;q13:same_plan_trace;q18:same_plan_trace;q21:source+same_query_trace,0.75,25299.0,7675.882,15351.763,4.107124,1,0,18792.0,11931.964,10576.684,False,7415716,7414142,0,1574,0.99978775,0.0,0.99978775,0,0,949105,949105,15351,787.0,16138.763,33491.0,False,15291.0,10008.0
stage4_backpressure,9;13;18;21,128,6750,True,q9:q9_p3;q21:q21_p3,q9:q9_p3:synthesized;q13:q13_p1@256;q18:q18_p1@256;q21:q21_p3:synthesized,q9:source+same_query_trace;q13:same_plan_trace;q18:same_plan_trace;q21:source+same_query_trace,0.75,25549.0,7484.73,14969.459,4.004844,1,0,26856.0,19891.454,12828.474,False,7415716,7152032,262110,1574,0.96444254,0.99403073,0.99978775,0,0,936152,936152,14969,787.0,15756.459,25677.0,False,15291.0,10258.0
stage4_backpressure,9;13;18;21,256,6750,True,q9:q9_p3;q21:q21_p3,q9:q9_p3:synthesized;q13:q13_p1@256;q18:q18_p1@256;q21:q21_p3:synthesized,q9:source+same_query_trace;q13:same_plan_trace;q18:same_plan_trace;q21:source+same_query_trace,0.75,25549.0,7484.73,14969.459,4.004844,1,0,26728.0,19763.454,12791.073,False,7415716,7381479,32663,1574,0.99538318,0.95402635,0.99978775,0,0,936406,936406,14969,787.0,15756.459,25805.0,False,15291.0,10258.0
stage4_backpressure,9;13;18;21,512,6750,True,q9:q9_p3;q21:q21_p3,q9:q9_p3:synthesized;q13:q13_p1@256;q18:q18_p1@256;q21:q21_p3:synthesized,q9:source+same_query_trace;q13:same_plan_trace;q18:same_plan_trace;q21:source+same_query_trace,0.75,25549.0,7484.73,14969.459,4.004844,1,0,26472.0,19507.454,12716.27,False,7415716,7406261,7881,1574,0.99872501,0.83352723,0.99978775,0,0,936852,936852,14969,787.0,15756.459,26061.0,False,15291.0,10258.0
stage4_backpressure,9;13;18;21,1024,6750,True,q9:q9_p3;q21:q21_p3,q9:q9_p3:synthesized;q13:q13_p1@256;q18:q18_p1@256;q21:q21_p3:synthesized,q9:source+same_query_trace;q13:same_plan_trace;q18:same_plan_trace;q21:source+same_query_trace,0.75,25549.0,7484.73,14969.459,4.004844,1,0,25960.0,18995.454,12566.663,False,7415716,7411702,2440,1574,0.99945872,0.60787245,0.99978775,0,0,937601,937601,14969,787.0,15756.459,26573.0,False,15291.0,10258.0
stage4_backpressure,9;13;18;21,1504,6750,True,q9:q9_p3;q21:q21_p3,q9:q9_p3:synthesized;q13:q13_p1@256;q18:q18_p1@256;q21:q21_p3:synthesized,q9:source+same_query_trace;q13:same_plan_trace;q18:same_plan_trace;q21:source+same_query_trace,0.75,25549.0,7484.73,14969.459,4.004844,1,0,25480.0,18515.454,12426.407,False,7415716,7412835,1307,1574,0.9996115,0.45366192,0.99978775,0,0,938428,938428,14969,787.0,15756.459,27053.0,False,15291.0,10258.0
stage4_backpressure,9;13;18;21,2048,6750,True,q9:q9_p3;q21:q21_p3,q9:q9_p3:synthesized;q13:q13_p1@256;q18:q18_p1@256;q21:q21_p3:synthesized,q9:source+same_query_trace;q13:same_plan_trace;q18:same_plan_trace;q21:source+same_query_trace,0.75,25549.0,7484.73,14969.459,4.004844,1,0,24936.0,17971.454,12267.45,False,7415716,7412962,1180,1574,0.99962863,0.42846768,0.99978775,0,0,938690,938690,14969,787.0,15756.459,27597.0,False,15291.0,10258.0
stage4_backpressure,9;13;18;21,4096,6750,True,q9:q9_p3;q21:q21_p3,q9:q9_p3:synthesized;q13:q13_p1@256;q18:q18_p1@256;q21:q21_p3:synthesized,q9:source+same_query_trace;q13:same_plan_trace;q18:same_plan_trace;q21:source+same_query_trace,0.75,25549.0,7484.73,14969.459,4.004844,1,0,22888.0,15923.454,11669.025,False,7415716,7414142,0,1574,0.99978775,0.0,0.99978775,0,0,940854,940854,14969,787.0,15756.459,29645.0,False,15291.0,10258.0
stage4_backpressure,9;13;18;21,8192,6750,True,q9:q9_p3;q21:q21_p3,q9:q9_p3:synthesized;q13:q13_p1@256;q18:q18_p1@256;q21:q21_p3:synthesized,q9:source+same_query_trace;q13:same_plan_trace;q18:same_plan_trace;q21:source+same_query_trace,0.75,25549.0,7484.73,14969.459,4.004844,1,0,18792.0,11827.454,10472.174,False,7415716,7414142,0,1574,0.99978775,0.0,0.99978775,0,0,949411,949411,14969,787.0,15756.459,33741.0,False,15291.0,10258.0
stage4_backpressure,9;13;18;21,128,7000,True,q9:q9_p3;q21:q21_p3,q9:q9_p3:synthesized;q13:q13_p1@256;q18:q18_p1@256;q21:q21_p3:synthesized,q9:source+same_query_trace;q13:same_plan_trace;q18:same_plan_trace;q21:source+same_query_trace,0.75,25799.0,7293.578,14587.156,3.902565,1,0,26856.0,19786.944,12723.964,False,7415716,7152032,262110,1574,0.96444254,0.99403073,0.99978775,0,0,935957,935957,14587,787.0,15374.156,25927.0,False,15291.0,10508.0
stage4_backpressure,9;13;18;21,256,7000,True,q9:q9_p3;q21:q21_p3,q9:q9_p3:synthesized;q13:q13_p1@256;q18:q18_p1@256;q21:q21_p3:synthesized,q9:source+same_query_trace;q13:same_plan_trace;q18:same_plan_trace;q21:source+same_query_trace,0.75,25799.0,7293.578,14587.156,3.902565,1,0,26728.0,19658.944,12686.563,False,7415716,7381479,32663,1574,0.99538318,0.95402635,0.99978775,0,0,936199,936199,14587,787.0,15374.156,26055.0,False,15291.0,10508.0
stage4_backpressure,9;13;18;21,512,7000,True,q9:q9_p3;q21:q21_p3,q9:q9_p3:synthesized;q13:q13_p1@256;q18:q18_p1@256;q21:q21_p3:synthesized,q9:source+same_query_trace;q13:same_plan_trace;q18:same_plan_trace;q21:source+same_query_trace,0.75,25799.0,7293.578,14587.156,3.902565,1,0,26472.0,19402.944,12611.76,False,7415716,7406261,7881,1574,0.99872501,0.83352723,0.99978775,0,0,936671,936671,14587,787.0,15374.156,26311.0,False,15291.0,10508.0
stage4_backpressure,9;13;18;21,1024,7000,True,q9:q9_p3;q21:q21_p3,q9:q9_p3:synthesized;q13:q13_p1@256;q18:q18_p1@256;q21:q21_p3:synthesized,q9:source+same_query_trace;q13:same_plan_trace;q18:same_plan_trace;q21:source+same_query_trace,0.75,25799.0,7293.578,14587.156,3.902565,1,0,25960.0,18890.944,12462.153,False,7415716,7411702,2440,1574,0.99945872,0.60787245,0.99978775,0,0,937389,937389,14587,787.0,15374.156,26823.0,False,15291.0,10508.0
stage4_backpressure,9;13;18;21,1504,7000,True,q9:q9_p3;q21:q21_p3,q9:q9_p3:synthesized;q13:q13_p1@256;q18:q18_p1@256;q21:q21_p3:synthesized,q9:source+same_query_trace;q13:same_plan_trace;q18:same_plan_trace;q21:source+same_query_trace,0.75,25799.0,7293.578,14587.156,3.902565,1,0,25480.0,18410.944,12321.897,False,7415716,7412835,1307,1574,0.9996115,0.45366192,0.99978775,0,0,938115,938115,14587,787.0,15374.156,27303.0,False,15291.0,10508.0
stage4_backpressure,9;13;18;21,2048,7000,True,q9:q9_p3;q21:q21_p3,q9:q9_p3:synthesized;q13:q13_p1@256;q18:q18_p1@256;q21:q21_p3:synthesized,q9:source+same_query_trace;q13:same_plan_trace;q18:same_plan_trace;q21:source+same_query_trace,0.75,25799.0,7293.578,14587.156,3.902565,1,0,24936.0,17866.944,12162.94,False,7415716,7412962,1180,1574,0.99962863,0.42846768,0.99978775,0,0,938332,938332,14587,787.0,15374.156,27847.0,False,15291.0,10508.0
stage4_backpressure,9;13;18;21,4096,7000,True,q9:q9_p3;q21:q21_p3,q9:q9_p3:synthesized;q13:q13_p1@256;q18:q18_p1@256;q21:q21_p3:synthesized,q9:source+same_query_trace;q13:same_plan_trace;q18:same_plan_trace;q21:source+same_query_trace,0.75,25799.0,7293.578,14587.156,3.902565,1,0,22888.0,15818.944,11564.515,False,7415716,7414142,0,1574,0.99978775,0.0,0.99978775,0,0,940556,940556,14587,787.0,15374.156,29895.0,False,15291.0,10508.0
stage4_backpressure,9;13;18;21,8192,7000,True,q9:q9_p3;q21:q21_p3,q9:q9_p3:synthesized;q13:q13_p1@256;q18:q18_p1@256;q21:q21_p3:synthesized,q9:source+same_query_trace;q13:same_plan_trace;q18:same_plan_trace;q21:source+same_query_trace,0.75,25799.0,7293.578,14587.156,3.902565,1,0,18792.0,11722.944,10367.664,False,7415716,7414142,0,1574,0.99978775,0.0,0.99978775,0,0,950136,950136,14587,787.0,15374.156,33991.0,False,15291.0,10508.0
stage4_backpressure,9;13;18;21,128,7140,True,q9:q9_p3;q21:q21_p3,q9:q9_p3:synthesized;q13:q13_p1@256;q18:q18_p1@256;q21:q21_p3:synthesized,q9:source+same_query_trace;q13:same_plan_trace;q18:same_plan_trace;q21:source+same_query_trace,0.75,25939.0,7186.533,14373.066,3.845289,1,0,26856.0,19728.418,12665.439,False,7415716,7152032,262110,1574,0.96444254,0.99403073,0.99978775,0,0,935834,935834,14373,787.0,15160.066,26067.0,False,15291.0,10648.0
stage4_backpressure,9;13;18;21,256,7140,True,q9:q9_p3;q21:q21_p3,q9:q9_p3:synthesized;q13:q13_p1@256;q18:q18_p1@256;q21:q21_p3:synthesized,q9:source+same_query_trace;q13:same_plan_trace;q18:same_plan_trace;q21:source+same_query_trace,0.75,25939.0,7186.533,14373.066,3.845289,1,0,26728.0,19600.418,12628.037,False,7415716,7381479,32663,1574,0.99538318,0.95402635,0.99978775,0,0,936106,936106,14373,787.0,15160.066,26195.0,False,15291.0,10648.0
stage4_backpressure,9;13;18;21,512,7140,True,q9:q9_p3;q21:q21_p3,q9:q9_p3:synthesized;q13:q13_p1@256;q18:q18_p1@256;q21:q21_p3:synthesized,q9:source+same_query_trace;q13:same_plan_trace;q18:same_plan_trace;q21:source+same_query_trace,0.75,25939.0,7186.533,14373.066,3.845289,1,0,26472.0,19344.418,12553.234,False,7415716,7406261,7881,1574,0.99872501,0.83352723,0.99978775,0,0,936560,936560,14373,787.0,15160.066,26451.0,False,15291.0,10648.0
stage4_backpressure,9;13;18;21,1024,7140,True,q9:q9_p3;q21:q21_p3,q9:q9_p3:synthesized;q13:q13_p1@256;q18:q18_p1@256;q21:q21_p3:synthesized,q9:source+same_query_trace;q13:same_plan_trace;q18:same_plan_trace;q21:source+same_query_trace,0.75,25939.0,7186.533,14373.066,3.845289,1,0,25960.0,18832.418,12403.628,False,7415716,7411702,2440,1574,0.99945872,0.60787245,0.99978775,0,0,937296,937296,14373,787.0,15160.066,26963.0,False,15291.0,10648.0
stage4_backpressure,9;13;18;21,1504,7140,True,q9:q9_p3;q21:q21_p3,q9:q9_p3:synthesized;q13:q13_p1@256;q18:q18_p1@256;q21:q21_p3:synthesized,q9:source+same_query_trace;q13:same_plan_trace;q18:same_plan_trace;q21:source+same_query_trace,0.75,25939.0,7186.533,14373.066,3.845289,1,0,25480.0,18352.418,12263.372,False,7415716,7412835,1307,1574,0.9996115,0.45366192,0.99978775,0,0,937945,937945,14373,787.0,15160.066,27443.0,False,15291.0,10648.0
stage4_backpressure,9;13;18;21,2048,7140,True,q9:q9_p3;q21:q21_p3,q9:q9_p3:synthesized;q13:q13_p1@256;q18:q18_p1@256;q21:q21_p3:synthesized,q9:source+same_query_trace;q13:same_plan_trace;q18:same_plan_trace;q21:source+same_query_trace,0.75,25939.0,7186.533,14373.066,3.845289,1,0,24936.0,17808.418,12104.415,False,7415716,7412962,1180,1574,0.99962863,0.42846768,0.99978775,0,0,938147,938147,14373,787.0,15160.066,27987.0,False,15291.0,10648.0
stage4_backpressure,9;13;18;21,4096,7140,True,q9:q9_p3;q21:q21_p3,q9:q9_p3:synthesized;q13:q13_p1@256;q18:q18_p1@256;q21:q21_p3:synthesized,q9:source+same_query_trace;q13:same_plan_trace;q18:same_plan_trace;q21:source+same_query_trace,0.75,25939.0,7186.533,14373.066,3.845289,1,0,22888.0,15760.418,11505.989,False,7415716,7414142,0,1574,0.99978775,0.0,0.99978775,0,0,940389,940389,14373,787.0,15160.066,30035.0,False,15291.0,10648.0
stage4_backpressure,9;13;18;21,8192,7140,True,q9:q9_p3;q21:q21_p3,q9:q9_p3:synthesized;q13:q13_p1@256;q18:q18_p1@256;q21:q21_p3:synthesized,q9:source+same_query_trace;q13:same_plan_trace;q18:same_plan_trace;q21:source+same_query_trace,0.75,25939.0,7186.533,14373.066,3.845289,1,0,18792.0,11664.418,10309.138,False,7415716,7414142,0,1574,0.99978775,0.0,0.99978775,0,0,950218,950218,14373,787.0,15160.066,34131.0,False,15291.0,10648.0
stage5_tp_surge,1;3;5;7,128,256,True,,q1:q1_p1@256;q3:q3_p1@256;q5:q5_p1@256;q7:q7_p1@256,q1:same_plan_trace;q3:same_plan_trace;q5:same_plan_trace;q7:same_plan_trace,0.95,1446.0,2197.292,45486.205,23.445464,4,0,26837.0,27968.634,22904.493,True,6821992,5823724,992478,5790,0.85366913,0.99419995,0.99915127,0,0,349607,349607,4394,2895.0,48381.205,1574.0,True,15291.0,0.0
stage5_tp_surge,1;3;5;7,256,256,True,,q1:q1_p1@256;q3:q3_p1@256;q5:q5_p1@256;q7:q7_p1@256,q1:same_plan_trace;q3:same_plan_trace;q5:same_plan_trace;q7:same_plan_trace,0.95,1446.0,2197.292,45486.205,23.445464,4,0,26709.0,27840.634,22867.091,True,6821992,6268071,548131,5790,0.91880363,0.98954725,0.99915127,0,0,349798,349798,4394,2895.0,48381.205,1702.0,True,15291.0,0.0
stage5_tp_surge,1;3;5;7,512,256,True,,q1:q1_p1@256;q3:q3_p1@256;q5:q5_p1@256;q7:q7_p1@256,q1:same_plan_trace;q3:same_plan_trace;q5:same_plan_trace;q7:same_plan_trace,0.95,1446.0,2197.292,45486.205,23.445464,4,0,26453.0,27584.634,22792.288,True,6821992,6621744,194458,5790,0.9706467,0.97108585,0.99915127,0,0,350324,350324,4394,2895.0,48381.205,1958.0,True,15291.0,0.0
stage5_tp_surge,1;3;5;7,1024,256,True,,q1:q1_p1@256;q3:q3_p1@256;q5:q5_p1@256;q7:q7_p1@256,q1:same_plan_trace;q3:same_plan_trace;q5:same_plan_trace;q7:same_plan_trace,0.95,1446.0,2197.292,45486.205,23.445464,4,0,25941.0,27072.634,22642.681,True,6821992,6780641,35561,5790,0.99393857,0.8599792,0.99915127,0,0,351139,351139,4394,2895.0,48381.205,2470.0,True,15291.0,0.0
stage5_tp_surge,1;3;5;7,1504,256,True,,q1:q1_p1@256;q3:q3_p1@256;q5:q5_p1@256;q7:q7_p1@256,q1:same_plan_trace;q3:same_plan_trace;q5:same_plan_trace;q7:same_plan_trace,0.95,1446.0,2197.292,45486.205,23.445464,4,0,25461.0,26592.634,22502.425,True,6821992,6801307,14895,5790,0.99696789,0.72008702,0.99915127,0,0,352098,352098,4394,2895.0,48381.205,2950.0,True,15291.0,0.0
stage5_tp_surge,1;3;5;7,2048,256,True,,q1:q1_p1@256;q3:q3_p1@256;q5:q5_p1@256;q7:q7_p1@256,q1:same_plan_trace;q3:same_plan_trace;q5:same_plan_trace;q7:same_plan_trace,0.95,1446.0,2197.292,45486.205,23.445464,4,0,24917.0,26048.634,22343.469,True,6821992,6808474,7728,5790,0.99801847,0.5716822,0.99915127,0,0,353162,353162,4394,2895.0,48381.205,3494.0,True,15291.0,0.0
stage5_tp_surge,1;3;5;7,4096,256,True,,q1:q1_p1@256;q3:q3_p1@256;q5:q5_p1@256;q7:q7_p1@256,q1:same_plan_trace;q3:same_plan_trace;q5:same_plan_trace;q7:same_plan_trace,0.95,1446.0,2197.292,45486.205,23.445464,4,0,22869.0,24000.634,21745.043,True,6821992,6815257,945,5790,0.99901275,0.1403118,0.99915127,0,0,355947,355947,4394,2895.0,48381.205,5542.0,True,15291.0,0.0
stage5_tp_surge,1;3;5;7,8192,256,True,,q1:q1_p1@256;q3:q3_p1@256;q5:q5_p1@256;q7:q7_p1@256,q1:same_plan_trace;q3:same_plan_trace;q5:same_plan_trace;q7:same_plan_trace,0.95,1446.0,2197.292,45486.205,23.445464,4,0,18773.0,19904.634,20548.192,True,6821992,6816202,0,5790,0.99915127,0.0,0.99915127,0,0,362496,362496,4394,2895.0,48381.205,9638.0,True,15291.0,0.0
stage5_tp_surge,1;3;5;7,128,512,True,q5:q5_p2,q1:q1_p1@256;q3:q3_p1@256;q5:q5_p2:synthesized;q7:q7_p1@256,q1:same_plan_trace;q3:same_plan_trace;q5:source+same_query_trace;q7:same_plan_trace,0.75,2352.0,1348.113,19068.993,9.828945,3,0,26837.0,27279.704,22525.748,True,6821992,5823724,992478,5790,0.85366913,0.99419995,0.99915127,0,0,348931,348931,2696,2895.0,21963.993,2480.0,True,15291.0,0.0
stage5_tp_surge,1;3;5;7,256,512,True,q5:q5_p2,q1:q1_p1@256;q3:q3_p1@256;q5:q5_p2:synthesized;q7:q7_p1@256,q1:same_plan_trace;q3:same_plan_trace;q5:source+same_query_trace;q7:same_plan_trace,0.75,2352.0,1348.113,19068.993,9.828945,3,0,26709.0,27151.704,22488.347,True,6821992,6268071,548131,5790,0.91880363,0.98954725,0.99915127,0,0,349156,349156,2696,2895.0,21963.993,2608.0,True,15291.0,0.0
stage5_tp_surge,1;3;5;7,512,512,True,q5:q5_p2,q1:q1_p1@256;q3:q3_p1@256;q5:q5_p2:synthesized;q7:q7_p1@256,q1:same_plan_trace;q3:same_plan_trace;q5:source+same_query_trace;q7:same_plan_trace,0.75,2352.0,1348.113,19068.993,9.828945,3,0,26453.0,26895.704,22413.544,True,6821992,6621744,194458,5790,0.9706467,0.97108585,0.99915127,0,0,349580,349580,2696,2895.0,21963.993,2864.0,True,15291.0,0.0
stage5_tp_surge,1;3;5;7,1024,512,True,q5:q5_p2,q1:q1_p1@256;q3:q3_p1@256;q5:q5_p2:synthesized;q7:q7_p1@256,q1:same_plan_trace;q3:same_plan_trace;q5:source+same_query_trace;q7:same_plan_trace,0.75,2352.0,1348.113,19068.993,9.828945,3,0,25941.0,26383.704,22263.937,True,6821992,6780641,35561,5790,0.99393857,0.8599792,0.99915127,0,0,350392,350392,2696,2895.0,21963.993,3376.0,True,15291.0,0.0
stage5_tp_surge,1;3;5;7,1504,512,True,q5:q5_p2,q1:q1_p1@256;q3:q3_p1@256;q5:q5_p2:synthesized;q7:q7_p1@256,q1:same_plan_trace;q3:same_plan_trace;q5:source+same_query_trace;q7:same_plan_trace,0.75,2352.0,1348.113,19068.993,9.828945,3,0,25461.0,25903.704,22123.681,True,6821992,6801307,14895,5790,0.99696789,0.72008702,0.99915127,0,0,351289,351289,2696,2895.0,21963.993,3856.0,True,15291.0,0.0
stage5_tp_surge,1;3;5;7,2048,512,True,q5:q5_p2,q1:q1_p1@256;q3:q3_p1@256;q5:q5_p2:synthesized;q7:q7_p1@256,q1:same_plan_trace;q3:same_plan_trace;q5:source+same_query_trace;q7:same_plan_trace,0.75,2352.0,1348.113,19068.993,9.828945,3,0,24917.0,25359.704,21964.724,True,6821992,6808474,7728,5790,0.99801847,0.5716822,0.99915127,0,0,352349,352349,2696,2895.0,21963.993,4400.0,True,15291.0,0.0
stage5_tp_surge,1;3;5;7,4096,512,True,q5:q5_p2,q1:q1_p1@256;q3:q3_p1@256;q5:q5_p2:synthesized;q7:q7_p1@256,q1:same_plan_trace;q3:same_plan_trace;q5:source+same_query_trace;q7:same_plan_trace,0.75,2352.0,1348.113,19068.993,9.828945,3,0,22869.0,23311.704,21366.299,True,6821992,6815257,945,5790,0.99901275,0.1403118,0.99915127,0,0,355296,355296,2696,2895.0,21963.993,6448.0,True,15291.0,0.0
stage5_tp_surge,1;3;5;7,8192,512,True,q5:q5_p2,q1:q1_p1@256;q3:q3_p1@256;q5:q5_p2:synthesized;q7:q7_p1@256,q1:same_plan_trace;q3:same_plan_trace;q5:source+same_query_trace;q7:same_plan_trace,0.75,2352.0,1348.113,19068.993,9.828945,3,0,18773.0,19215.704,20169.448,True,6821992,6816202,0,5790,0.99915127,0.0,0.99915127,0,0,361808,361808,2696,2895.0,21963.993,10544.0,True,15291.0,0.0
stage5_tp_surge,1;3;5;7,128,1024,True,q7:q7_p2,q1:q1_p1@256;q3:q3_p1@256;q5:q5_p1@256;q7:q7_p2:synthesized,q1:same_plan_trace;q3:same_plan_trace;q5:same_plan_trace;q7:source+same_query_trace,0.75,4538.0,3548.449,9946.623,5.126899,2,0,26837.0,26837.0,21611.913,True,6821992,5823724,992478,5790,0.85366913,0.99419995,0.99915127,0,0,354233,354233,7096,2895.0,12841.623,4666.0,True,15291.0,0.0
stage5_tp_surge,1;3;5;7,256,1024,True,q7:q7_p2,q1:q1_p1@256;q3:q3_p1@256;q5:q5_p1@256;q7:q7_p2:synthesized,q1:same_plan_trace;q3:same_plan_trace;q5:same_plan_trace;q7:source+same_query_trace,0.75,4538.0,3548.449,9946.623,5.126899,2,0,26709.0,26709.0,21574.511,True,6821992,6268071,548131,5790,0.91880363,0.98954725,0.99915127,0,0,354461,354461,7096,2895.0,12841.623,4794.0,True,15291.0,0.0
stage5_tp_surge,1;3;5;7,512,1024,True,q7:q7_p2,q1:q1_p1@256;q3:q3_p1@256;q5:q5_p1@256;q7:q7_p2:synthesized,q1:same_plan_trace;q3:same_plan_trace;q5:same_plan_trace;q7:source+same_query_trace,0.75,4538.0,3548.449,9946.623,5.126899,2,0,26453.0,26453.0,21499.708,True,6821992,6621744,194458,5790,0.9706467,0.97108585,0.99915127,0,0,354965,354965,7096,2895.0,12841.623,5050.0,True,15291.0,0.0
stage5_tp_surge,1;3;5;7,1024,1024,True,q7:q7_p2,q1:q1_p1@256;q3:q3_p1@256;q5:q5_p1@256;q7:q7_p2:synthesized,q1:same_plan_trace;q3:same_plan_trace;q5:same_plan_trace;q7:source+same_query_trace,0.75,4538.0,3548.449,9946.623,5.126899,2,0,25941.0,25941.0,21350.102,True,6821992,6780641,35561,5790,0.99393857,0.8599792,0.99915127,0,0,355754,355754,7096,2895.0,12841.623,5562.0,True,15291.0,0.0
stage5_tp_surge,1;3;5;7,1504,1024,True,q7:q7_p2,q1:q1_p1@256;q3:q3_p1@256;q5:q5_p1@256;q7:q7_p2:synthesized,q1:same_plan_trace;q3:same_plan_trace;q5:same_plan_trace;q7:source+same_query_trace,0.75,4538.0,3548.449,9946.623,5.126899,2,0,25461.0,25461.0,21209.846,True,6821992,6801307,14895,5790,0.99696789,0.72008702,0.99915127,0,0,356683,356683,7096,2895.0,12841.623,6042.0,True,15291.0,0.0
stage5_tp_surge,1;3;5;7,2048,1024,True,q7:q7_p2,q1:q1_p1@256;q3:q3_p1@256;q5:q5_p1@256;q7:q7_p2:synthesized,q1:same_plan_trace;q3:same_plan_trace;q5:same_plan_trace;q7:source+same_query_trace,0.75,4538.0,3548.449,9946.623,5.126899,2,0,24917.0,24917.0,21050.889,True,6821992,6808474,7728,5790,0.99801847,0.5716822,0.99915127,0,0,357690,357690,7096,2895.0,12841.623,6586.0,True,15291.0,0.0
stage5_tp_surge,1;3;5;7,4096,1024,True,q7:q7_p2,q1:q1_p1@256;q3:q3_p1@256;q5:q5_p1@256;q7:q7_p2:synthesized,q1:same_plan_trace;q3:same_plan_trace;q5:same_plan_trace;q7:source+same_query_trace,0.75,4538.0,3548.449,9946.623,5.126899,2,0,22869.0,22869.0,20452.463,True,6821992,6815257,945,5790,0.99901275,0.1403118,0.99915127,0,0,360725,360725,7096,2895.0,12841.623,8634.0,True,15291.0,0.0
stage5_tp_surge,1;3;5;7,8192,1024,True,q7:q7_p2,q1:q1_p1@256;q3:q3_p1@256;q5:q5_p1@256;q7:q7_p2:synthesized,q1:same_plan_trace;q3:same_plan_trace;q5:same_plan_trace;q7:source+same_query_trace,0.75,4538.0,3548.449,9946.623,5.126899,2,0,18773.0,18773.0,19255.612,True,6821992,6816202,0,5790,0.99915127,0.0,0.99915127,0,0,367143,367143,7096,2895.0,12841.623,12730.0,True,15291.0,0.0
stage5_tp_surge,1;3;5;7,128,1137,True,,q1:q1_p1@256;q3:q3_p1@256;q5:q5_p1@256;q7:q7_p1@256,q1:same_plan_trace;q3:same_plan_trace;q5:same_plan_trace;q7:same_plan_trace,0.95,4402.0,283.454,3416.633,1.761073,1,0,26837.0,26732.908,21668.766,True,6821992,5823724,992478,5790,0.85366913,0.99419995,0.99915127,0,0,347564,347564,566,2895.0,6311.633,4530.0,True,15291.0,0.0
stage5_tp_surge,1;3;5;7,256,1137,True,,q1:q1_p1@256;q3:q3_p1@256;q5:q5_p1@256;q7:q7_p1@256,q1:same_plan_trace;q3:same_plan_trace;q5:same_plan_trace;q7:same_plan_trace,0.95,4402.0,283.454,3416.633,1.761073,1,0,26709.0,26604.908,21631.365,True,6821992,6268071,548131,5790,0.91880363,0.98954725,0.99915127,0,0,347792,347792,566,2895.0,6311.633,4658.0,True,15291.0,0.0
stage5_tp_surge,1;3;5;7,512,1137,True,,q1:q1_p1@256;q3:q3_p1@256;q5:q5_p1@256;q7:q7_p1@256,q1:same_plan_trace;q3:same_plan_trace;q5:same_plan_trace;q7:same_plan_trace,0.95,4402.0,283.454,3416.633,1.761073,1,0,26453.0,26348.908,21556.562,True,6821992,6621744,194458,5790,0.9706467,0.97108585,0.99915127,0,0,348165,348165,566,2895.0,6311.633,4914.0,True,15291.0,0.0
stage5_tp_surge,1;3;5;7,1024,1137,True,,q1:q1_p1@256;q3:q3_p1@256;q5:q5_p1@256;q7:q7_p1@256,q1:same_plan_trace;q3:same_plan_trace;q5:same_plan_trace;q7:same_plan_trace,0.95,4402.0,283.454,3416.633,1.761073,1,0,25941.0,25836.908,21406.955,True,6821992,6780641,35561,5790,0.99393857,0.8599792,0.99915127,0,0,348947,348947,566,2895.0,6311.633,5426.0,True,15291.0,0.0
stage5_tp_surge,1;3;5;7,1504,1137,True,,q1:q1_p1@256;q3:q3_p1@256;q5:q5_p1@256;q7:q7_p1@256,q1:same_plan_trace;q3:same_plan_trace;q5:same_plan_trace;q7:same_plan_trace,0.95,4402.0,283.454,3416.633,1.761073,1,0,25461.0,25356.908,21266.699,True,6821992,6801307,14895,5790,0.99696789,0.72008702,0.99915127,0,0,349810,349810,566,2895.0,6311.633,5906.0,True,15291.0,0.0
stage5_tp_surge,1;3;5;7,2048,1137,True,,q1:q1_p1@256;q3:q3_p1@256;q5:q5_p1@256;q7:q7_p1@256,q1:same_plan_trace;q3:same_plan_trace;q5:same_plan_trace;q7:same_plan_trace,0.95,4402.0,283.454,3416.633,1.761073,1,0,24917.0,24812.908,21107.742,True,6821992,6808474,7728,5790,0.99801847,0.5716822,0.99915127,0,0,350840,350840,566,2895.0,6311.633,6450.0,True,15291.0,0.0
stage5_tp_surge,1;3;5;7,4096,1137,True,,q1:q1_p1@256;q3:q3_p1@256;q5:q5_p1@256;q7:q7_p1@256,q1:same_plan_trace;q3:same_plan_trace;q5:same_plan_trace;q7:same_plan_trace,0.95,4402.0,283.454,3416.633,1.761073,1,0,22869.0,22764.908,20509.317,True,6821992,6815257,945,5790,0.99901275,0.1403118,0.99915127,0,0,353882,353882,566,2895.0,6311.633,8498.0,True,15291.0,0.0
stage5_tp_surge,1;3;5;7,8192,1137,True,,q1:q1_p1@256;q3:q3_p1@256;q5:q5_p1@256;q7:q7_p1@256,q1:same_plan_trace;q3:same_plan_trace;q5:same_plan_trace;q7:same_plan_trace,0.95,4402.0,283.454,3416.633,1.761073,1,0,18773.0,18668.908,19312.466,True,6821992,6816202,0,5790,0.99915127,0.0,0.99915127,0,0,360364,360364,566,2895.0,6311.633,12594.0,True,15291.0,0.0
stage5_tp_surge,1;3;5;7,128,1150,True,,q1:q1_p1@256;q3:q3_p1@256;q5:q5_p1@256;q7:q7_p1@256,q1:same_plan_trace;q3:same_plan_trace;q5:same_plan_trace;q7:same_plan_trace,0.95,4415.0,0.0,0.0,0.0,0,0,26837.0,26727.474,21663.332,True,6821992,5823724,992478,5790,0.85366913,0.99419995,0.99915127,0,0,346988,346988,0,2895.0,2895.0,4543.0,True,15291.0,0.0
stage5_tp_surge,1;3;5;7,256,1150,True,,q1:q1_p1@256;q3:q3_p1@256;q5:q5_p1@256;q7:q7_p1@256,q1:same_plan_trace;q3:same_plan_trace;q5:same_plan_trace;q7:same_plan_trace,0.95,4415.0,0.0,0.0,0.0,0,0,26709.0,26599.474,21625.93,True,6821992,6268071,548131,5790,0.91880363,0.98954725,0.99915127,0,0,347205,347205,0,2895.0,2895.0,4671.0,True,15291.0,0.0
stage5_tp_surge,1;3;5;7,512,1150,True,,q1:q1_p1@256;q3:q3_p1@256;q5:q5_p1@256;q7:q7_p1@256,q1:same_plan_trace;q3:same_plan_trace;q5:same_plan_trace;q7:same_plan_trace,0.95,4415.0,0.0,0.0,0.0,0,0,26453.0,26343.474,21551.127,True,6821992,6621744,194458,5790,0.9706467,0.97108585,0.99915127,0,0,347577,347577,0,2895.0,2895.0,4927.0,True,15291.0,0.0
stage5_tp_surge,1;3;5;7,1024,1150,True,,q1:q1_p1@256;q3:q3_p1@256;q5:q5_p1@256;q7:q7_p1@256,q1:same_plan_trace;q3:same_plan_trace;q5:same_plan_trace;q7:same_plan_trace,0.95,4415.0,0.0,0.0,0.0,0,0,25941.0,25831.474,21401.521,True,6821992,6780641,35561,5790,0.99393857,0.8599792,0.99915127,0,0,348350,348350,0,2895.0,2895.0,5439.0,True,15291.0,0.0
stage5_tp_surge,1;3;5;7,1504,1150,True,,q1:q1_p1@256;q3:q3_p1@256;q5:q5_p1@256;q7:q7_p1@256,q1:same_plan_trace;q3:same_plan_trace;q5:same_plan_trace;q7:same_plan_trace,0.95,4415.0,0.0,0.0,0.0,0,0,25461.0,25351.474,21261.265,True,6821992,6801307,14895,5790,0.99696789,0.72008702,0.99915127,0,0,349213,349213,0,2895.0,2895.0,5919.0,True,15291.0,0.0
stage5_tp_surge,1;3;5;7,2048,1150,True,,q1:q1_p1@256;q3:q3_p1@256;q5:q5_p1@256;q7:q7_p1@256,q1:same_plan_trace;q3:same_plan_trace;q5:same_plan_trace;q7:same_plan_trace,0.95,4415.0,0.0,0.0,0.0,0,0,24917.0,24807.474,21102.308,True,6821992,6808474,7728,5790,0.99801847,0.5716822,0.99915127,0,0,350244,350244,0,2895.0,2895.0,6463.0,True,15291.0,0.0
stage5_tp_surge,1;3;5;7,4096,1150,True,,q1:q1_p1@256;q3:q3_p1@256;q5:q5_p1@256;q7:q7_p1@256,q1:same_plan_trace;q3:same_plan_trace;q5:same_plan_trace;q7:same_plan_trace,0.95,4415.0,0.0,0.0,0.0,0,0,22869.0,22759.474,20503.882,True,6821992,6815257,945,5790,0.99901275,0.1403118,0.99915127,0,0,353279,353279,0,2895.0,2895.0,8511.0,True,15291.0,0.0
stage5_tp_surge,1;3;5;7,8192,1150,True,,q1:q1_p1@256;q3:q3_p1@256;q5:q5_p1@256;q7:q7_p1@256,q1:same_plan_trace;q3:same_plan_trace;q5:same_plan_trace;q7:same_plan_trace,0.95,4415.0,0.0,0.0,0.0,0,0,18773.0,18663.474,19307.031,True,6821992,6816202,0,5790,0.99915127,0.0,0.99915127,0,0,359776,359776,0,2895.0,2895.0,12607.0,True,15291.0,0.0
stage5_tp_surge,1;3;5;7,128,1208,True,,q1:q1_p1@256;q3:q3_p1@256;q5:q5_p1@256;q7:q7_p1@256,q1:same_plan_trace;q3:same_plan_trace;q5:same_plan_trace;q7:same_plan_trace,0.95,4473.0,0.0,0.0,0.0,0,0,26837.0,26703.227,21639.085,True,6821992,5823724,992478,5790,0.85366913,0.99419995,0.99915127,0,0,347010,347010,0,2895.0,2895.0,4601.0,True,15291.0,0.0
stage5_tp_surge,1;3;5;7,256,1208,True,,q1:q1_p1@256;q3:q3_p1@256;q5:q5_p1@256;q7:q7_p1@256,q1:same_plan_trace;q3:same_plan_trace;q5:same_plan_trace;q7:same_plan_trace,0.95,4473.0,0.0,0.0,0.0,0,0,26709.0,26575.227,21601.684,True,6821992,6268071,548131,5790,0.91880363,0.98954725,0.99915127,0,0,347235,347235,0,2895.0,2895.0,4729.0,True,15291.0,0.0
stage5_tp_surge,1;3;5;7,512,1208,True,,q1:q1_p1@256;q3:q3_p1@256;q5:q5_p1@256;q7:q7_p1@256,q1:same_plan_trace;q3:same_plan_trace;q5:same_plan_trace;q7:same_plan_trace,0.95,4473.0,0.0,0.0,0.0,0,0,26453.0,26319.227,21526.881,True,6821992,6621744,194458,5790,0.9706467,0.97108585,0.99915127,0,0,347604,347604,0,2895.0,2895.0,4985.0,True,15291.0,0.0
stage5_tp_surge,1;3;5;7,1024,1208,True,,q1:q1_p1@256;q3:q3_p1@256;q5:q5_p1@256;q7:q7_p1@256,q1:same_plan_trace;q3:same_plan_trace;q5:same_plan_trace;q7:same_plan_trace,0.95,4473.0,0.0,0.0,0.0,0,0,25941.0,25807.227,21377.274,True,6821992,6780641,35561,5790,0.99393857,0.8599792,0.99915127,0,0,348381,348381,0,2895.0,2895.0,5497.0,True,15291.0,0.0
stage5_tp_surge,1;3;5;7,1504,1208,True,,q1:q1_p1@256;q3:q3_p1@256;q5:q5_p1@256;q7:q7_p1@256,q1:same_plan_trace;q3:same_plan_trace;q5:same_plan_trace;q7:same_plan_trace,0.95,4473.0,0.0,0.0,0.0,0,0,25461.0,25327.227,21237.018,True,6821992,6801307,14895,5790,0.99696789,0.72008702,0.99915127,0,0,349245,349245,0,2895.0,2895.0,5977.0,True,15291.0,0.0
stage5_tp_surge,1;3;5;7,2048,1208,True,,q1:q1_p1@256;q3:q3_p1@256;q5:q5_p1@256;q7:q7_p1@256,q1:same_plan_trace;q3:same_plan_trace;q5:same_plan_trace;q7:same_plan_trace,0.95,4473.0,0.0,0.0,0.0,0,0,24917.0,24783.227,21078.061,True,6821992,6808474,7728,5790,0.99801847,0.5716822,0.99915127,0,0,350274,350274,0,2895.0,2895.0,6521.0,True,15291.0,0.0
stage5_tp_surge,1;3;5;7,4096,1208,True,,q1:q1_p1@256;q3:q3_p1@256;q5:q5_p1@256;q7:q7_p1@256,q1:same_plan_trace;q3:same_plan_trace;q5:same_plan_trace;q7:same_plan_trace,0.95,4473.0,0.0,0.0,0.0,0,0,22869.0,22735.227,20479.636,True,6821992,6815257,945,5790,0.99901275,0.1403118,0.99915127,0,0,353320,353320,0,2895.0,2895.0,8569.0,True,15291.0,0.0
stage5_tp_surge,1;3;5;7,8192,1208,True,,q1:q1_p1@256;q3:q3_p1@256;q5:q5_p1@256;q7:q7_p1@256,q1:same_plan_trace;q3:same_plan_trace;q5:same_plan_trace;q7:same_plan_trace,0.95,4473.0,0.0,0.0,0.0,0,0,18773.0,18639.227,19282.785,True,6821992,6816202,0,5790,0.99915127,0.0,0.99915127,0,0,359814,359814,0,2895.0,2895.0,12665.0,True,15291.0,0.0
